subject,n_calibration,n_train,n_test,accuracy,balanced_accuracy,f1,roc_auc
1,20,4118,208,0.9663461538461539,0.9662043458159963,0.9671361502347418,0.9758668515950069
2,20,4180,146,0.8835616438356164,0.8823198198198199,0.8702290076335878,0.9185435435435436
3,20,3894,432,0.7222222222222222,0.7209551573351625,0.757085020242915,0.8184643745177056
4,20,3848,478,0.8598326359832636,0.8593851217675998,0.8507795100222717,0.9160495124043629
5,20,4152,174,0.9770114942528736,0.9770114942528736,0.9775280898876404,0.9955079931298719
6,20,3704,622,0.7620578778135049,0.7623035566583953,0.7784431137724551,0.8577129859387924
7,20,3954,372,0.7956989247311828,0.7952305246422893,0.7751479289940828,0.8825841884665413
8,20,4204,122,0.8688524590163934,0.8661099137931034,0.8545454545454545,0.9547413793103448
9,20,3942,384,0.8880208333333334,0.8871134020618556,0.8978622327790974,0.9392566467715681
10,20,3642,684,0.9283625730994152,0.9281610423809239,0.9228346456692913,0.9864145071518343
11,20,3926,400,0.7575,0.7578814470361759,0.7738927738927739,0.8213205330133253
12,20,4022,304,0.819078947368421,0.819040194040194,0.8231511254019293,0.8996881496881497
