subject,epoch_index,role
1,0,evaluation
1,1,evaluation
1,2,evaluation
1,3,evaluation
1,4,calibration
1,5,evaluation
1,6,evaluation
1,7,evaluation
1,8,evaluation
1,9,evaluation
1,10,evaluation
1,11,evaluation
1,12,evaluation
1,13,evaluation
1,14,evaluation
1,15,evaluation
1,16,evaluation
1,17,evaluation
1,18,evaluation
1,19,evaluation
1,20,evaluation
1,21,evaluation
1,22,evaluation
1,23,evaluation
1,24,evaluation
1,25,evaluation
1,26,evaluation
1,27,calibration
1,28,evaluation
1,29,evaluation
1,30,evaluation
1,31,evaluation
1,32,evaluation
1,33,evaluation
1,34,evaluation
1,35,evaluation
1,36,evaluation
1,37,evaluation
1,38,evaluation
1,39,evaluation
1,40,evaluation
1,41,evaluation
1,42,evaluation
1,43,evaluation
1,44,evaluation
1,45,evaluation
1,46,evaluation
1,47,evaluation
1,48,evaluation
1,49,evaluation
1,50,evaluation
1,51,evaluation
1,52,evaluation
1,53,evaluation
1,54,evaluation
1,55,evaluation
1,56,evaluation
1,57,evaluation
1,58,evaluation
1,59,evaluation
1,60,evaluation
1,61,calibration
1,62,evaluation
1,63,evaluation
1,64,evaluation
1,65,evaluation
1,66,evaluation
1,67,evaluation
1,68,calibration
1,69,evaluation
1,70,evaluation
1,71,calibration
1,72,evaluation
1,73,evaluation
1,74,evaluation
1,75,evaluation
1,76,evaluation
1,77,evaluation
1,78,evaluation
1,79,evaluation
1,80,evaluation
1,81,evaluation
1,82,evaluation
1,83,calibration
1,84,evaluation
1,85,evaluation
1,86,evaluation
1,87,evaluation
1,88,evaluation
1,89,calibration
1,90,evaluation
1,91,evaluation
1,92,evaluation
1,93,evaluation
1,94,evaluation
1,95,evaluation
1,96,calibration
1,97,calibration
1,98,evaluation
1,99,evaluation
1,100,evaluation
1,101,evaluation
1,102,calibration
1,103,calibration
1,104,evaluation
1,105,evaluation
1,106,evaluation
1,107,evaluation
1,108,evaluation
1,109,evaluation
1,110,evaluation
1,111,evaluation
1,112,evaluation
1,113,evaluation
1,114,evaluation
1,115,evaluation
1,116,evaluation
1,117,evaluation
1,118,evaluation
1,119,evaluation
1,120,calibration
1,121,evaluation
1,122,evaluation
1,123,evaluation
1,124,evaluation
1,125,evaluation
1,126,evaluation
1,127,evaluation
1,128,evaluation
1,129,evaluation
1,130,calibration
1,131,evaluation
1,132,evaluation
1,133,evaluation
1,134,evaluation
1,135,evaluation
1,136,evaluation
1,137,evaluation
1,138,evaluation
1,139,evaluation
1,140,evaluation
1,141,calibration
1,142,evaluation
1,143,evaluation
1,144,evaluation
1,145,evaluation
1,146,calibration
1,147,calibration
1,148,evaluation
1,149,evaluation
1,150,evaluation
1,151,evaluation
1,152,evaluation
1,153,evaluation
1,154,calibration
1,155,evaluation
1,156,calibration
1,157,evaluation
1,158,evaluation
1,159,evaluation
1,160,evaluation
1,161,evaluation
1,162,evaluation
1,163,evaluation
1,164,evaluation
1,165,evaluation
1,166,evaluation
1,167,evaluation
1,168,evaluation
1,169,evaluation
1,170,evaluation
1,171,evaluation
1,172,evaluation
1,173,evaluation
1,174,evaluation
1,175,evaluation
1,176,evaluation
1,177,evaluation
1,178,evaluation
1,179,evaluation
1,180,evaluation
1,181,evaluation
1,182,evaluation
1,183,calibration
1,184,evaluation
1,185,evaluation
1,186,evaluation
1,187,evaluation
1,188,evaluation
1,189,evaluation
1,190,evaluation
1,191,evaluation
1,192,evaluation
1,193,evaluation
1,194,evaluation
1,195,evaluation
1,196,evaluation
1,197,evaluation
1,198,evaluation
1,199,evaluation
1,200,evaluation
1,201,evaluation
1,202,evaluation
1,203,evaluation
1,204,evaluation
1,205,evaluation
1,206,evaluation
1,207,evaluation
1,208,calibration
1,209,evaluation
1,210,evaluation
1,211,evaluation
1,212,evaluation
1,213,evaluation
1,214,evaluation
1,215,evaluation
1,216,evaluation
1,217,evaluation
1,218,evaluation
1,219,evaluation
1,220,evaluation
1,221,evaluation
1,222,evaluation
1,223,evaluation
1,224,evaluation
1,225,evaluation
1,226,evaluation
1,227,evaluation
2,228,evaluation
2,229,evaluation
2,230,calibration
2,231,evaluation
2,232,evaluation
2,233,evaluation
2,234,evaluation
2,235,evaluation
2,236,evaluation
2,237,evaluation
2,238,calibration
2,239,evaluation
2,240,evaluation
2,241,evaluation
2,242,evaluation
2,243,evaluation
2,244,evaluation
2,245,evaluation
2,246,calibration
2,247,evaluation
2,248,evaluation
2,249,evaluation
2,250,calibration
2,251,evaluation
2,252,evaluation
2,253,evaluation
2,254,evaluation
2,255,evaluation
2,256,evaluation
2,257,evaluation
2,258,evaluation
2,259,evaluation
2,260,evaluation
2,261,evaluation
2,262,evaluation
2,263,evaluation
2,264,evaluation
2,265,evaluation
2,266,evaluation
2,267,evaluation
2,268,evaluation
2,269,evaluation
2,270,evaluation
2,271,evaluation
2,272,evaluation
2,273,evaluation
2,274,evaluation
2,275,evaluation
2,276,evaluation
2,277,calibration
2,278,evaluation
2,279,evaluation
2,280,evaluation
2,281,evaluation
2,282,evaluation
2,283,evaluation
2,284,evaluation
2,285,evaluation
2,286,evaluation
2,287,calibration
2,288,evaluation
2,289,calibration
2,290,evaluation
2,291,evaluation
2,292,evaluation
2,293,evaluation
2,294,evaluation
2,295,calibration
2,296,evaluation
2,297,evaluation
2,298,calibration
2,299,evaluation
2,300,evaluation
2,301,evaluation
2,302,evaluation
2,303,evaluation
2,304,evaluation
2,305,evaluation
2,306,evaluation
2,307,evaluation
2,308,evaluation
2,309,evaluation
2,310,evaluation
2,311,evaluation
2,312,evaluation
2,313,evaluation
2,314,evaluation
2,315,evaluation
2,316,evaluation
2,317,evaluation
2,318,calibration
2,319,evaluation
2,320,evaluation
2,321,evaluation
2,322,evaluation
2,323,calibration
2,324,evaluation
2,325,evaluation
2,326,evaluation
2,327,evaluation
2,328,calibration
2,329,evaluation
2,330,evaluation
2,331,evaluation
2,332,evaluation
2,333,evaluation
2,334,calibration
2,335,evaluation
2,336,evaluation
2,337,evaluation
2,338,evaluation
2,339,evaluation
2,340,calibration
2,341,evaluation
2,342,evaluation
2,343,evaluation
2,344,evaluation
2,345,evaluation
2,346,evaluation
2,347,calibration
2,348,evaluation
2,349,evaluation
2,350,evaluation
2,351,evaluation
2,352,evaluation
2,353,evaluation
2,354,calibration
2,355,evaluation
2,356,evaluation
2,357,evaluation
2,358,evaluation
2,359,evaluation
2,360,evaluation
2,361,evaluation
2,362,evaluation
2,363,calibration
2,364,evaluation
2,365,evaluation
2,366,calibration
2,367,evaluation
2,368,evaluation
2,369,evaluation
2,370,evaluation
2,371,evaluation
2,372,evaluation
2,373,evaluation
2,374,evaluation
2,375,evaluation
2,376,evaluation
2,377,evaluation
2,378,evaluation
2,379,evaluation
2,380,evaluation
2,381,calibration
2,382,evaluation
2,383,evaluation
2,384,evaluation
2,385,evaluation
2,386,evaluation
2,387,evaluation
2,388,evaluation
2,389,calibration
2,390,evaluation
2,391,evaluation
2,392,evaluation
2,393,evaluation
3,394,evaluation
3,395,evaluation
3,396,evaluation
3,397,evaluation
3,398,evaluation
3,399,evaluation
3,400,evaluation
3,401,evaluation
3,402,evaluation
3,403,evaluation
3,404,evaluation
3,405,evaluation
3,406,evaluation
3,407,evaluation
3,408,evaluation
3,409,evaluation
3,410,evaluation
3,411,evaluation
3,412,evaluation
3,413,evaluation
3,414,evaluation
3,415,evaluation
3,416,evaluation
3,417,calibration
3,418,evaluation
3,419,evaluation
3,420,evaluation
3,421,evaluation
3,422,evaluation
3,423,calibration
3,424,evaluation
3,425,evaluation
3,426,evaluation
3,427,evaluation
3,428,evaluation
3,429,evaluation
3,430,calibration
3,431,evaluation
3,432,calibration
3,433,evaluation
3,434,calibration
3,435,evaluation
3,436,evaluation
3,437,evaluation
3,438,evaluation
3,439,evaluation
3,440,evaluation
3,441,evaluation
3,442,calibration
3,443,evaluation
3,444,evaluation
3,445,evaluation
3,446,evaluation
3,447,evaluation
3,448,evaluation
3,449,evaluation
3,450,evaluation
3,451,evaluation
3,452,evaluation
3,453,evaluation
3,454,evaluation
3,455,evaluation
3,456,evaluation
3,457,evaluation
3,458,evaluation
3,459,evaluation
3,460,evaluation
3,461,evaluation
3,462,evaluation
3,463,evaluation
3,464,evaluation
3,465,evaluation
3,466,evaluation
3,467,evaluation
3,468,evaluation
3,469,evaluation
3,470,evaluation
3,471,evaluation
3,472,evaluation
3,473,evaluation
3,474,evaluation
3,475,evaluation
3,476,evaluation
3,477,evaluation
3,478,evaluation
3,479,evaluation
3,480,evaluation
3,481,evaluation
3,482,evaluation
3,483,evaluation
3,484,evaluation
3,485,evaluation
3,486,evaluation
3,487,evaluation
3,488,evaluation
3,489,evaluation
3,490,evaluation
3,491,evaluation
3,492,evaluation
3,493,evaluation
3,494,evaluation
3,495,evaluation
3,496,calibration
3,497,evaluation
3,498,evaluation
3,499,evaluation
3,500,evaluation
3,501,evaluation
3,502,evaluation
3,503,evaluation
3,504,evaluation
3,505,evaluation
3,506,evaluation
3,507,evaluation
3,508,evaluation
3,509,evaluation
3,510,evaluation
3,511,evaluation
3,512,evaluation
3,513,evaluation
3,514,evaluation
3,515,calibration
3,516,evaluation
3,517,evaluation
3,518,evaluation
3,519,evaluation
3,520,evaluation
3,521,evaluation
3,522,evaluation
3,523,evaluation
3,524,evaluation
3,525,evaluation
3,526,evaluation
3,527,evaluation
3,528,evaluation
3,529,evaluation
3,530,evaluation
3,531,evaluation
3,532,evaluation
3,533,evaluation
3,534,evaluation
3,535,evaluation
3,536,evaluation
3,537,evaluation
3,538,evaluation
3,539,evaluation
3,540,evaluation
3,541,evaluation
3,542,evaluation
3,543,evaluation
3,544,evaluation
3,545,evaluation
3,546,evaluation
3,547,evaluation
3,548,evaluation
3,549,calibration
3,550,evaluation
3,551,evaluation
3,552,evaluation
3,553,evaluation
3,554,evaluation
3,555,evaluation
3,556,evaluation
3,557,evaluation
3,558,evaluation
3,559,evaluation
3,560,evaluation
3,561,evaluation
3,562,evaluation
3,563,evaluation
3,564,calibration
3,565,evaluation
3,566,evaluation
3,567,evaluation
3,568,evaluation
3,569,evaluation
3,570,evaluation
3,571,evaluation
3,572,evaluation
3,573,evaluation
3,574,evaluation
3,575,evaluation
3,576,evaluation
3,577,evaluation
3,578,calibration
3,579,evaluation
3,580,evaluation
3,581,evaluation
3,582,evaluation
3,583,evaluation
3,584,evaluation
3,585,evaluation
3,586,evaluation
3,587,evaluation
3,588,evaluation
3,589,evaluation
3,590,evaluation
3,591,evaluation
3,592,evaluation
3,593,evaluation
3,594,evaluation
3,595,evaluation
3,596,evaluation
3,597,evaluation
3,598,evaluation
3,599,evaluation
3,600,evaluation
3,601,evaluation
3,602,evaluation
3,603,evaluation
3,604,evaluation
3,605,calibration
3,606,evaluation
3,607,evaluation
3,608,evaluation
3,609,evaluation
3,610,evaluation
3,611,evaluation
3,612,evaluation
3,613,evaluation
3,614,evaluation
3,615,evaluation
3,616,evaluation
3,617,evaluation
3,618,evaluation
3,619,evaluation
3,620,evaluation
3,621,evaluation
3,622,evaluation
3,623,evaluation
3,624,calibration
3,625,evaluation
3,626,evaluation
3,627,evaluation
3,628,evaluation
3,629,evaluation
3,630,evaluation
3,631,evaluation
3,632,evaluation
3,633,evaluation
3,634,evaluation
3,635,evaluation
3,636,evaluation
3,637,evaluation
3,638,evaluation
3,639,evaluation
3,640,evaluation
3,641,evaluation
3,642,evaluation
3,643,evaluation
3,644,evaluation
3,645,evaluation
3,646,evaluation
3,647,evaluation
3,648,evaluation
3,649,evaluation
3,650,evaluation
3,651,evaluation
3,652,evaluation
3,653,evaluation
3,654,evaluation
3,655,evaluation
3,656,evaluation
3,657,evaluation
3,658,evaluation
3,659,evaluation
3,660,evaluation
3,661,evaluation
3,662,evaluation
3,663,evaluation
3,664,evaluation
3,665,evaluation
3,666,evaluation
3,667,evaluation
3,668,evaluation
3,669,evaluation
3,670,evaluation
3,671,evaluation
3,672,evaluation
3,673,evaluation
3,674,evaluation
3,675,evaluation
3,676,evaluation
3,677,evaluation
3,678,evaluation
3,679,evaluation
3,680,evaluation
3,681,evaluation
3,682,evaluation
3,683,evaluation
3,684,evaluation
3,685,evaluation
3,686,evaluation
3,687,evaluation
3,688,evaluation
3,689,evaluation
3,690,evaluation
3,691,evaluation
3,692,calibration
3,693,evaluation
3,694,evaluation
3,695,evaluation
3,696,evaluation
3,697,evaluation
3,698,evaluation
3,699,evaluation
3,700,evaluation
3,701,evaluation
3,702,evaluation
3,703,evaluation
3,704,evaluation
3,705,evaluation
3,706,evaluation
3,707,evaluation
3,708,evaluation
3,709,evaluation
3,710,evaluation
3,711,evaluation
3,712,evaluation
3,713,evaluation
3,714,evaluation
3,715,evaluation
3,716,evaluation
3,717,evaluation
3,718,evaluation
3,719,evaluation
3,720,evaluation
3,721,evaluation
3,722,evaluation
3,723,evaluation
3,724,evaluation
3,725,evaluation
3,726,evaluation
3,727,evaluation
3,728,evaluation
3,729,evaluation
3,730,evaluation
3,731,evaluation
3,732,evaluation
3,733,evaluation
3,734,evaluation
3,735,calibration
3,736,evaluation
3,737,evaluation
3,738,calibration
3,739,evaluation
3,740,evaluation
3,741,evaluation
3,742,evaluation
3,743,evaluation
3,744,evaluation
3,745,evaluation
3,746,evaluation
3,747,evaluation
3,748,calibration
3,749,evaluation
3,750,evaluation
3,751,evaluation
3,752,evaluation
3,753,evaluation
3,754,evaluation
3,755,evaluation
3,756,evaluation
3,757,evaluation
3,758,evaluation
3,759,evaluation
3,760,evaluation
3,761,evaluation
3,762,evaluation
3,763,evaluation
3,764,evaluation
3,765,evaluation
3,766,evaluation
3,767,evaluation
3,768,evaluation
3,769,evaluation
3,770,evaluation
3,771,evaluation
3,772,evaluation
3,773,evaluation
3,774,evaluation
3,775,evaluation
3,776,evaluation
3,777,evaluation
3,778,evaluation
3,779,evaluation
3,780,evaluation
3,781,calibration
3,782,evaluation
3,783,evaluation
3,784,evaluation
3,785,evaluation
3,786,evaluation
3,787,evaluation
3,788,evaluation
3,789,evaluation
3,790,evaluation
3,791,evaluation
3,792,calibration
3,793,evaluation
3,794,evaluation
3,795,evaluation
3,796,evaluation
3,797,evaluation
3,798,evaluation
3,799,evaluation
3,800,evaluation
3,801,evaluation
3,802,evaluation
3,803,evaluation
3,804,evaluation
3,805,evaluation
3,806,evaluation
3,807,evaluation
3,808,evaluation
3,809,evaluation
3,810,evaluation
3,811,evaluation
3,812,evaluation
3,813,evaluation
3,814,evaluation
3,815,evaluation
3,816,evaluation
3,817,evaluation
3,818,evaluation
3,819,evaluation
3,820,evaluation
3,821,evaluation
3,822,evaluation
3,823,evaluation
3,824,evaluation
3,825,evaluation
3,826,evaluation
3,827,evaluation
3,828,evaluation
3,829,evaluation
3,830,evaluation
3,831,evaluation
3,832,evaluation
3,833,evaluation
3,834,calibration
3,835,evaluation
3,836,evaluation
3,837,evaluation
3,838,evaluation
3,839,evaluation
3,840,evaluation
3,841,evaluation
3,842,evaluation
3,843,evaluation
3,844,evaluation
3,845,evaluation
4,846,evaluation
4,847,evaluation
4,848,evaluation
4,849,evaluation
4,850,evaluation
4,851,evaluation
4,852,evaluation
4,853,evaluation
4,854,evaluation
4,855,evaluation
4,856,evaluation
4,857,evaluation
4,858,evaluation
4,859,evaluation
4,860,evaluation
4,861,evaluation
4,862,evaluation
4,863,evaluation
4,864,calibration
4,865,evaluation
4,866,evaluation
4,867,evaluation
4,868,evaluation
4,869,evaluation
4,870,evaluation
4,871,evaluation
4,872,evaluation
4,873,evaluation
4,874,evaluation
4,875,evaluation
4,876,evaluation
4,877,evaluation
4,878,evaluation
4,879,evaluation
4,880,evaluation
4,881,evaluation
4,882,evaluation
4,883,evaluation
4,884,evaluation
4,885,evaluation
4,886,evaluation
4,887,evaluation
4,888,evaluation
4,889,evaluation
4,890,evaluation
4,891,evaluation
4,892,evaluation
4,893,evaluation
4,894,evaluation
4,895,evaluation
4,896,evaluation
4,897,evaluation
4,898,evaluation
4,899,evaluation
4,900,evaluation
4,901,evaluation
4,902,calibration
4,903,evaluation
4,904,evaluation
4,905,evaluation
4,906,evaluation
4,907,evaluation
4,908,evaluation
4,909,evaluation
4,910,evaluation
4,911,evaluation
4,912,evaluation
4,913,evaluation
4,914,evaluation
4,915,evaluation
4,916,evaluation
4,917,evaluation
4,918,evaluation
4,919,evaluation
4,920,evaluation
4,921,evaluation
4,922,evaluation
4,923,evaluation
4,924,evaluation
4,925,evaluation
4,926,evaluation
4,927,evaluation
4,928,calibration
4,929,evaluation
4,930,evaluation
4,931,evaluation
4,932,evaluation
4,933,evaluation
4,934,evaluation
4,935,evaluation
4,936,evaluation
4,937,evaluation
4,938,evaluation
4,939,evaluation
4,940,evaluation
4,941,evaluation
4,942,evaluation
4,943,evaluation
4,944,evaluation
4,945,evaluation
4,946,evaluation
4,947,evaluation
4,948,evaluation
4,949,evaluation
4,950,evaluation
4,951,evaluation
4,952,evaluation
4,953,evaluation
4,954,evaluation
4,955,evaluation
4,956,evaluation
4,957,evaluation
4,958,evaluation
4,959,evaluation
4,960,evaluation
4,961,evaluation
4,962,evaluation
4,963,evaluation
4,964,evaluation
4,965,evaluation
4,966,evaluation
4,967,evaluation
4,968,evaluation
4,969,evaluation
4,970,evaluation
4,971,evaluation
4,972,evaluation
4,973,evaluation
4,974,evaluation
4,975,evaluation
4,976,evaluation
4,977,evaluation
4,978,evaluation
4,979,evaluation
4,980,evaluation
4,981,evaluation
4,982,evaluation
4,983,evaluation
4,984,evaluation
4,985,evaluation
4,986,evaluation
4,987,evaluation
4,988,evaluation
4,989,evaluation
4,990,evaluation
4,991,evaluation
4,992,evaluation
4,993,evaluation
4,994,evaluation
4,995,evaluation
4,996,evaluation
4,997,evaluation
4,998,evaluation
4,999,evaluation
4,1000,evaluation
4,1001,evaluation
4,1002,evaluation
4,1003,evaluation
4,1004,evaluation
4,1005,evaluation
4,1006,evaluation
4,1007,evaluation
4,1008,evaluation
4,1009,evaluation
4,1010,evaluation
4,1011,evaluation
4,1012,evaluation
4,1013,evaluation
4,1014,evaluation
4,1015,calibration
4,1016,evaluation
4,1017,evaluation
4,1018,evaluation
4,1019,evaluation
4,1020,evaluation
4,1021,calibration
4,1022,evaluation
4,1023,evaluation
4,1024,evaluation
4,1025,evaluation
4,1026,evaluation
4,1027,evaluation
4,1028,evaluation
4,1029,evaluation
4,1030,evaluation
4,1031,evaluation
4,1032,evaluation
4,1033,evaluation
4,1034,evaluation
4,1035,evaluation
4,1036,evaluation
4,1037,evaluation
4,1038,evaluation
4,1039,evaluation
4,1040,evaluation
4,1041,evaluation
4,1042,evaluation
4,1043,evaluation
4,1044,evaluation
4,1045,calibration
4,1046,evaluation
4,1047,evaluation
4,1048,evaluation
4,1049,evaluation
4,1050,evaluation
4,1051,evaluation
4,1052,evaluation
4,1053,evaluation
4,1054,evaluation
4,1055,evaluation
4,1056,evaluation
4,1057,evaluation
4,1058,evaluation
4,1059,evaluation
4,1060,evaluation
4,1061,evaluation
4,1062,evaluation
4,1063,evaluation
4,1064,evaluation
4,1065,evaluation
4,1066,evaluation
4,1067,evaluation
4,1068,evaluation
4,1069,evaluation
4,1070,evaluation
4,1071,evaluation
4,1072,evaluation
4,1073,evaluation
4,1074,evaluation
4,1075,calibration
4,1076,calibration
4,1077,evaluation
4,1078,evaluation
4,1079,evaluation
4,1080,evaluation
4,1081,evaluation
4,1082,evaluation
4,1083,evaluation
4,1084,evaluation
4,1085,evaluation
4,1086,evaluation
4,1087,evaluation
4,1088,evaluation
4,1089,evaluation
4,1090,evaluation
4,1091,evaluation
4,1092,evaluation
4,1093,evaluation
4,1094,evaluation
4,1095,evaluation
4,1096,evaluation
4,1097,evaluation
4,1098,calibration
4,1099,evaluation
4,1100,evaluation
4,1101,evaluation
4,1102,evaluation
4,1103,evaluation
4,1104,evaluation
4,1105,evaluation
4,1106,evaluation
4,1107,calibration
4,1108,evaluation
4,1109,evaluation
4,1110,evaluation
4,1111,calibration
4,1112,evaluation
4,1113,evaluation
4,1114,evaluation
4,1115,evaluation
4,1116,evaluation
4,1117,evaluation
4,1118,evaluation
4,1119,evaluation
4,1120,evaluation
4,1121,evaluation
4,1122,evaluation
4,1123,evaluation
4,1124,calibration
4,1125,evaluation
4,1126,evaluation
4,1127,evaluation
4,1128,evaluation
4,1129,evaluation
4,1130,evaluation
4,1131,calibration
4,1132,evaluation
4,1133,evaluation
4,1134,evaluation
4,1135,evaluation
4,1136,calibration
4,1137,evaluation
4,1138,evaluation
4,1139,evaluation
4,1140,evaluation
4,1141,evaluation
4,1142,evaluation
4,1143,evaluation
4,1144,evaluation
4,1145,evaluation
4,1146,evaluation
4,1147,evaluation
4,1148,evaluation
4,1149,evaluation
4,1150,calibration
4,1151,evaluation
4,1152,evaluation
4,1153,evaluation
4,1154,evaluation
4,1155,evaluation
4,1156,evaluation
4,1157,evaluation
4,1158,evaluation
4,1159,evaluation
4,1160,evaluation
4,1161,evaluation
4,1162,evaluation
4,1163,evaluation
4,1164,evaluation
4,1165,evaluation
4,1166,calibration
4,1167,evaluation
4,1168,evaluation
4,1169,evaluation
4,1170,evaluation
4,1171,evaluation
4,1172,evaluation
4,1173,evaluation
4,1174,evaluation
4,1175,evaluation
4,1176,evaluation
4,1177,evaluation
4,1178,evaluation
4,1179,evaluation
4,1180,evaluation
4,1181,evaluation
4,1182,evaluation
4,1183,evaluation
4,1184,evaluation
4,1185,evaluation
4,1186,evaluation
4,1187,evaluation
4,1188,evaluation
4,1189,evaluation
4,1190,evaluation
4,1191,evaluation
4,1192,evaluation
4,1193,evaluation
4,1194,evaluation
4,1195,evaluation
4,1196,evaluation
4,1197,evaluation
4,1198,evaluation
4,1199,evaluation
4,1200,evaluation
4,1201,evaluation
4,1202,evaluation
4,1203,evaluation
4,1204,evaluation
4,1205,evaluation
4,1206,calibration
4,1207,evaluation
4,1208,evaluation
4,1209,evaluation
4,1210,evaluation
4,1211,evaluation
4,1212,evaluation
4,1213,evaluation
4,1214,evaluation
4,1215,evaluation
4,1216,evaluation
4,1217,evaluation
4,1218,evaluation
4,1219,evaluation
4,1220,evaluation
4,1221,calibration
4,1222,evaluation
4,1223,evaluation
4,1224,evaluation
4,1225,evaluation
4,1226,evaluation
4,1227,evaluation
4,1228,evaluation
4,1229,evaluation
4,1230,evaluation
4,1231,evaluation
4,1232,evaluation
4,1233,evaluation
4,1234,evaluation
4,1235,evaluation
4,1236,evaluation
4,1237,evaluation
4,1238,evaluation
4,1239,evaluation
4,1240,evaluation
4,1241,evaluation
4,1242,evaluation
4,1243,evaluation
4,1244,evaluation
4,1245,evaluation
4,1246,evaluation
4,1247,evaluation
4,1248,evaluation
4,1249,evaluation
4,1250,evaluation
4,1251,evaluation
4,1252,evaluation
4,1253,evaluation
4,1254,evaluation
4,1255,evaluation
4,1256,evaluation
4,1257,evaluation
4,1258,evaluation
4,1259,evaluation
4,1260,evaluation
4,1261,evaluation
4,1262,evaluation
4,1263,evaluation
4,1264,evaluation
4,1265,evaluation
4,1266,evaluation
4,1267,evaluation
4,1268,calibration
4,1269,evaluation
4,1270,evaluation
4,1271,evaluation
4,1272,evaluation
4,1273,evaluation
4,1274,evaluation
4,1275,evaluation
4,1276,evaluation
4,1277,evaluation
4,1278,evaluation
4,1279,evaluation
4,1280,evaluation
4,1281,evaluation
4,1282,evaluation
4,1283,evaluation
4,1284,evaluation
4,1285,evaluation
4,1286,evaluation
4,1287,evaluation
4,1288,evaluation
4,1289,evaluation
4,1290,evaluation
4,1291,evaluation
4,1292,evaluation
4,1293,evaluation
4,1294,evaluation
4,1295,evaluation
4,1296,evaluation
4,1297,evaluation
4,1298,evaluation
4,1299,evaluation
4,1300,evaluation
4,1301,evaluation
4,1302,evaluation
4,1303,evaluation
4,1304,evaluation
4,1305,evaluation
4,1306,evaluation
4,1307,evaluation
4,1308,evaluation
4,1309,evaluation
4,1310,evaluation
4,1311,calibration
4,1312,evaluation
4,1313,evaluation
4,1314,evaluation
4,1315,evaluation
4,1316,evaluation
4,1317,evaluation
4,1318,evaluation
4,1319,evaluation
4,1320,evaluation
4,1321,evaluation
4,1322,evaluation
4,1323,evaluation
4,1324,evaluation
4,1325,evaluation
4,1326,evaluation
4,1327,evaluation
4,1328,evaluation
4,1329,evaluation
4,1330,evaluation
4,1331,evaluation
4,1332,evaluation
4,1333,evaluation
4,1334,evaluation
4,1335,evaluation
4,1336,evaluation
4,1337,evaluation
4,1338,evaluation
4,1339,evaluation
4,1340,evaluation
4,1341,evaluation
4,1342,evaluation
4,1343,evaluation
5,1344,calibration
5,1345,evaluation
5,1346,evaluation
5,1347,evaluation
5,1348,calibration
5,1349,evaluation
5,1350,evaluation
5,1351,evaluation
5,1352,evaluation
5,1353,calibration
5,1354,evaluation
5,1355,evaluation
5,1356,evaluation
5,1357,evaluation
5,1358,evaluation
5,1359,evaluation
5,1360,evaluation
5,1361,evaluation
5,1362,evaluation
5,1363,evaluation
5,1364,evaluation
5,1365,evaluation
5,1366,evaluation
5,1367,evaluation
5,1368,evaluation
5,1369,evaluation
5,1370,evaluation
5,1371,evaluation
5,1372,evaluation
5,1373,evaluation
5,1374,evaluation
5,1375,evaluation
5,1376,evaluation
5,1377,evaluation
5,1378,evaluation
5,1379,evaluation
5,1380,calibration
5,1381,evaluation
5,1382,evaluation
5,1383,evaluation
5,1384,evaluation
5,1385,evaluation
5,1386,evaluation
5,1387,evaluation
5,1388,evaluation
5,1389,evaluation
5,1390,evaluation
5,1391,evaluation
5,1392,evaluation
5,1393,calibration
5,1394,evaluation
5,1395,evaluation
5,1396,evaluation
5,1397,evaluation
5,1398,evaluation
5,1399,evaluation
5,1400,evaluation
5,1401,evaluation
5,1402,evaluation
5,1403,evaluation
5,1404,evaluation
5,1405,evaluation
5,1406,evaluation
5,1407,evaluation
5,1408,evaluation
5,1409,evaluation
5,1410,evaluation
5,1411,evaluation
5,1412,evaluation
5,1413,evaluation
5,1414,calibration
5,1415,evaluation
5,1416,evaluation
5,1417,evaluation
5,1418,evaluation
5,1419,calibration
5,1420,calibration
5,1421,evaluation
5,1422,evaluation
5,1423,evaluation
5,1424,evaluation
5,1425,evaluation
5,1426,evaluation
5,1427,evaluation
5,1428,evaluation
5,1429,calibration
5,1430,calibration
5,1431,evaluation
5,1432,evaluation
5,1433,evaluation
5,1434,evaluation
5,1435,evaluation
5,1436,evaluation
5,1437,evaluation
5,1438,evaluation
5,1439,evaluation
5,1440,evaluation
5,1441,evaluation
5,1442,evaluation
5,1443,evaluation
5,1444,evaluation
5,1445,evaluation
5,1446,evaluation
5,1447,evaluation
5,1448,calibration
5,1449,evaluation
5,1450,evaluation
5,1451,evaluation
5,1452,evaluation
5,1453,evaluation
5,1454,evaluation
5,1455,evaluation
5,1456,evaluation
5,1457,evaluation
5,1458,evaluation
5,1459,evaluation
5,1460,evaluation
5,1461,evaluation
5,1462,evaluation
5,1463,evaluation
5,1464,calibration
5,1465,evaluation
5,1466,evaluation
5,1467,evaluation
5,1468,evaluation
5,1469,evaluation
5,1470,evaluation
5,1471,evaluation
5,1472,calibration
5,1473,evaluation
5,1474,evaluation
5,1475,evaluation
5,1476,evaluation
5,1477,evaluation
5,1478,evaluation
5,1479,evaluation
5,1480,evaluation
5,1481,evaluation
5,1482,evaluation
5,1483,calibration
5,1484,evaluation
5,1485,evaluation
5,1486,calibration
5,1487,evaluation
5,1488,evaluation
5,1489,evaluation
5,1490,evaluation
5,1491,evaluation
5,1492,evaluation
5,1493,evaluation
5,1494,evaluation
5,1495,calibration
5,1496,evaluation
5,1497,calibration
5,1498,evaluation
5,1499,evaluation
5,1500,evaluation
5,1501,evaluation
5,1502,evaluation
5,1503,evaluation
5,1504,evaluation
5,1505,evaluation
5,1506,evaluation
5,1507,evaluation
5,1508,evaluation
5,1509,evaluation
5,1510,evaluation
5,1511,evaluation
5,1512,calibration
5,1513,calibration
5,1514,evaluation
5,1515,evaluation
5,1516,evaluation
5,1517,evaluation
5,1518,evaluation
5,1519,evaluation
5,1520,evaluation
5,1521,evaluation
5,1522,evaluation
5,1523,evaluation
5,1524,evaluation
5,1525,evaluation
5,1526,evaluation
5,1527,evaluation
5,1528,evaluation
5,1529,evaluation
5,1530,evaluation
5,1531,evaluation
5,1532,calibration
5,1533,evaluation
5,1534,evaluation
5,1535,evaluation
5,1536,evaluation
5,1537,evaluation
6,1538,evaluation
6,1539,evaluation
6,1540,evaluation
6,1541,evaluation
6,1542,evaluation
6,1543,evaluation
6,1544,evaluation
6,1545,evaluation
6,1546,evaluation
6,1547,evaluation
6,1548,evaluation
6,1549,evaluation
6,1550,evaluation
6,1551,evaluation
6,1552,evaluation
6,1553,evaluation
6,1554,evaluation
6,1555,evaluation
6,1556,evaluation
6,1557,evaluation
6,1558,evaluation
6,1559,evaluation
6,1560,evaluation
6,1561,evaluation
6,1562,evaluation
6,1563,evaluation
6,1564,evaluation
6,1565,evaluation
6,1566,evaluation
6,1567,evaluation
6,1568,evaluation
6,1569,evaluation
6,1570,evaluation
6,1571,evaluation
6,1572,evaluation
6,1573,evaluation
6,1574,evaluation
6,1575,evaluation
6,1576,evaluation
6,1577,evaluation
6,1578,evaluation
6,1579,evaluation
6,1580,evaluation
6,1581,evaluation
6,1582,evaluation
6,1583,evaluation
6,1584,evaluation
6,1585,evaluation
6,1586,evaluation
6,1587,calibration
6,1588,evaluation
6,1589,evaluation
6,1590,evaluation
6,1591,evaluation
6,1592,evaluation
6,1593,evaluation
6,1594,evaluation
6,1595,evaluation
6,1596,evaluation
6,1597,evaluation
6,1598,evaluation
6,1599,evaluation
6,1600,evaluation
6,1601,evaluation
6,1602,evaluation
6,1603,calibration
6,1604,evaluation
6,1605,evaluation
6,1606,evaluation
6,1607,evaluation
6,1608,evaluation
6,1609,evaluation
6,1610,evaluation
6,1611,evaluation
6,1612,evaluation
6,1613,evaluation
6,1614,evaluation
6,1615,evaluation
6,1616,evaluation
6,1617,evaluation
6,1618,evaluation
6,1619,evaluation
6,1620,evaluation
6,1621,evaluation
6,1622,evaluation
6,1623,evaluation
6,1624,evaluation
6,1625,evaluation
6,1626,evaluation
6,1627,evaluation
6,1628,evaluation
6,1629,evaluation
6,1630,evaluation
6,1631,evaluation
6,1632,evaluation
6,1633,evaluation
6,1634,evaluation
6,1635,evaluation
6,1636,evaluation
6,1637,evaluation
6,1638,evaluation
6,1639,evaluation
6,1640,evaluation
6,1641,evaluation
6,1642,evaluation
6,1643,evaluation
6,1644,evaluation
6,1645,evaluation
6,1646,evaluation
6,1647,evaluation
6,1648,evaluation
6,1649,calibration
6,1650,evaluation
6,1651,evaluation
6,1652,evaluation
6,1653,evaluation
6,1654,evaluation
6,1655,evaluation
6,1656,evaluation
6,1657,evaluation
6,1658,evaluation
6,1659,evaluation
6,1660,evaluation
6,1661,evaluation
6,1662,evaluation
6,1663,evaluation
6,1664,calibration
6,1665,evaluation
6,1666,evaluation
6,1667,evaluation
6,1668,evaluation
6,1669,evaluation
6,1670,evaluation
6,1671,evaluation
6,1672,evaluation
6,1673,evaluation
6,1674,evaluation
6,1675,evaluation
6,1676,evaluation
6,1677,evaluation
6,1678,evaluation
6,1679,evaluation
6,1680,evaluation
6,1681,evaluation
6,1682,evaluation
6,1683,evaluation
6,1684,evaluation
6,1685,evaluation
6,1686,evaluation
6,1687,evaluation
6,1688,evaluation
6,1689,evaluation
6,1690,evaluation
6,1691,evaluation
6,1692,evaluation
6,1693,evaluation
6,1694,evaluation
6,1695,evaluation
6,1696,evaluation
6,1697,evaluation
6,1698,evaluation
6,1699,evaluation
6,1700,calibration
6,1701,evaluation
6,1702,evaluation
6,1703,evaluation
6,1704,evaluation
6,1705,evaluation
6,1706,evaluation
6,1707,evaluation
6,1708,evaluation
6,1709,evaluation
6,1710,evaluation
6,1711,evaluation
6,1712,evaluation
6,1713,evaluation
6,1714,evaluation
6,1715,evaluation
6,1716,evaluation
6,1717,evaluation
6,1718,evaluation
6,1719,evaluation
6,1720,evaluation
6,1721,evaluation
6,1722,evaluation
6,1723,evaluation
6,1724,evaluation
6,1725,evaluation
6,1726,evaluation
6,1727,evaluation
6,1728,evaluation
6,1729,evaluation
6,1730,evaluation
6,1731,evaluation
6,1732,evaluation
6,1733,evaluation
6,1734,evaluation
6,1735,evaluation
6,1736,evaluation
6,1737,evaluation
6,1738,evaluation
6,1739,evaluation
6,1740,evaluation
6,1741,evaluation
6,1742,evaluation
6,1743,evaluation
6,1744,evaluation
6,1745,evaluation
6,1746,evaluation
6,1747,evaluation
6,1748,evaluation
6,1749,evaluation
6,1750,calibration
6,1751,evaluation
6,1752,evaluation
6,1753,calibration
6,1754,evaluation
6,1755,evaluation
6,1756,evaluation
6,1757,evaluation
6,1758,evaluation
6,1759,evaluation
6,1760,evaluation
6,1761,evaluation
6,1762,evaluation
6,1763,evaluation
6,1764,evaluation
6,1765,evaluation
6,1766,evaluation
6,1767,evaluation
6,1768,evaluation
6,1769,evaluation
6,1770,evaluation
6,1771,evaluation
6,1772,evaluation
6,1773,evaluation
6,1774,evaluation
6,1775,evaluation
6,1776,evaluation
6,1777,evaluation
6,1778,evaluation
6,1779,evaluation
6,1780,evaluation
6,1781,evaluation
6,1782,evaluation
6,1783,evaluation
6,1784,evaluation
6,1785,evaluation
6,1786,evaluation
6,1787,evaluation
6,1788,evaluation
6,1789,evaluation
6,1790,evaluation
6,1791,evaluation
6,1792,evaluation
6,1793,evaluation
6,1794,evaluation
6,1795,evaluation
6,1796,calibration
6,1797,evaluation
6,1798,evaluation
6,1799,evaluation
6,1800,evaluation
6,1801,evaluation
6,1802,evaluation
6,1803,evaluation
6,1804,evaluation
6,1805,evaluation
6,1806,evaluation
6,1807,evaluation
6,1808,evaluation
6,1809,evaluation
6,1810,evaluation
6,1811,evaluation
6,1812,evaluation
6,1813,evaluation
6,1814,evaluation
6,1815,evaluation
6,1816,evaluation
6,1817,evaluation
6,1818,evaluation
6,1819,evaluation
6,1820,evaluation
6,1821,evaluation
6,1822,evaluation
6,1823,evaluation
6,1824,evaluation
6,1825,evaluation
6,1826,evaluation
6,1827,evaluation
6,1828,evaluation
6,1829,evaluation
6,1830,evaluation
6,1831,evaluation
6,1832,evaluation
6,1833,evaluation
6,1834,evaluation
6,1835,evaluation
6,1836,evaluation
6,1837,evaluation
6,1838,evaluation
6,1839,evaluation
6,1840,evaluation
6,1841,evaluation
6,1842,evaluation
6,1843,evaluation
6,1844,evaluation
6,1845,evaluation
6,1846,evaluation
6,1847,evaluation
6,1848,evaluation
6,1849,evaluation
6,1850,evaluation
6,1851,calibration
6,1852,evaluation
6,1853,evaluation
6,1854,evaluation
6,1855,evaluation
6,1856,evaluation
6,1857,evaluation
6,1858,evaluation
6,1859,evaluation
6,1860,evaluation
6,1861,evaluation
6,1862,evaluation
6,1863,evaluation
6,1864,evaluation
6,1865,evaluation
6,1866,evaluation
6,1867,evaluation
6,1868,evaluation
6,1869,evaluation
6,1870,evaluation
6,1871,evaluation
6,1872,evaluation
6,1873,evaluation
6,1874,evaluation
6,1875,evaluation
6,1876,evaluation
6,1877,evaluation
6,1878,evaluation
6,1879,evaluation
6,1880,evaluation
6,1881,evaluation
6,1882,evaluation
6,1883,evaluation
6,1884,evaluation
6,1885,evaluation
6,1886,calibration
6,1887,evaluation
6,1888,calibration
6,1889,evaluation
6,1890,evaluation
6,1891,evaluation
6,1892,evaluation
6,1893,evaluation
6,1894,calibration
6,1895,evaluation
6,1896,evaluation
6,1897,evaluation
6,1898,evaluation
6,1899,evaluation
6,1900,evaluation
6,1901,evaluation
6,1902,evaluation
6,1903,evaluation
6,1904,evaluation
6,1905,evaluation
6,1906,evaluation
6,1907,evaluation
6,1908,evaluation
6,1909,evaluation
6,1910,evaluation
6,1911,evaluation
6,1912,evaluation
6,1913,evaluation
6,1914,evaluation
6,1915,evaluation
6,1916,evaluation
6,1917,evaluation
6,1918,evaluation
6,1919,evaluation
6,1920,evaluation
6,1921,evaluation
6,1922,evaluation
6,1923,evaluation
6,1924,evaluation
6,1925,evaluation
6,1926,evaluation
6,1927,evaluation
6,1928,evaluation
6,1929,evaluation
6,1930,calibration
6,1931,evaluation
6,1932,evaluation
6,1933,evaluation
6,1934,evaluation
6,1935,evaluation
6,1936,evaluation
6,1937,evaluation
6,1938,evaluation
6,1939,evaluation
6,1940,evaluation
6,1941,evaluation
6,1942,evaluation
6,1943,evaluation
6,1944,evaluation
6,1945,evaluation
6,1946,evaluation
6,1947,evaluation
6,1948,evaluation
6,1949,evaluation
6,1950,evaluation
6,1951,evaluation
6,1952,evaluation
6,1953,evaluation
6,1954,evaluation
6,1955,evaluation
6,1956,evaluation
6,1957,evaluation
6,1958,evaluation
6,1959,evaluation
6,1960,evaluation
6,1961,evaluation
6,1962,evaluation
6,1963,evaluation
6,1964,evaluation
6,1965,evaluation
6,1966,evaluation
6,1967,evaluation
6,1968,evaluation
6,1969,evaluation
6,1970,evaluation
6,1971,evaluation
6,1972,evaluation
6,1973,evaluation
6,1974,evaluation
6,1975,evaluation
6,1976,evaluation
6,1977,evaluation
6,1978,calibration
6,1979,evaluation
6,1980,evaluation
6,1981,evaluation
6,1982,evaluation
6,1983,evaluation
6,1984,evaluation
6,1985,calibration
6,1986,evaluation
6,1987,evaluation
6,1988,evaluation
6,1989,evaluation
6,1990,evaluation
6,1991,evaluation
6,1992,evaluation
6,1993,evaluation
6,1994,calibration
6,1995,evaluation
6,1996,evaluation
6,1997,evaluation
6,1998,evaluation
6,1999,evaluation
6,2000,evaluation
6,2001,evaluation
6,2002,evaluation
6,2003,evaluation
6,2004,evaluation
6,2005,evaluation
6,2006,evaluation
6,2007,evaluation
6,2008,evaluation
6,2009,evaluation
6,2010,evaluation
6,2011,evaluation
6,2012,evaluation
6,2013,evaluation
6,2014,evaluation
6,2015,evaluation
6,2016,evaluation
6,2017,evaluation
6,2018,evaluation
6,2019,calibration
6,2020,evaluation
6,2021,evaluation
6,2022,evaluation
6,2023,evaluation
6,2024,evaluation
6,2025,evaluation
6,2026,evaluation
6,2027,evaluation
6,2028,evaluation
6,2029,evaluation
6,2030,evaluation
6,2031,evaluation
6,2032,evaluation
6,2033,evaluation
6,2034,evaluation
6,2035,evaluation
6,2036,evaluation
6,2037,evaluation
6,2038,evaluation
6,2039,evaluation
6,2040,evaluation
6,2041,evaluation
6,2042,evaluation
6,2043,evaluation
6,2044,evaluation
6,2045,evaluation
6,2046,evaluation
6,2047,evaluation
6,2048,evaluation
6,2049,evaluation
6,2050,evaluation
6,2051,evaluation
6,2052,evaluation
6,2053,evaluation
6,2054,evaluation
6,2055,evaluation
6,2056,evaluation
6,2057,evaluation
6,2058,evaluation
6,2059,evaluation
6,2060,evaluation
6,2061,evaluation
6,2062,evaluation
6,2063,evaluation
6,2064,evaluation
6,2065,evaluation
6,2066,evaluation
6,2067,evaluation
6,2068,calibration
6,2069,evaluation
6,2070,evaluation
6,2071,evaluation
6,2072,evaluation
6,2073,evaluation
6,2074,evaluation
6,2075,evaluation
6,2076,evaluation
6,2077,evaluation
6,2078,evaluation
6,2079,evaluation
6,2080,evaluation
6,2081,evaluation
6,2082,evaluation
6,2083,evaluation
6,2084,evaluation
6,2085,evaluation
6,2086,evaluation
6,2087,evaluation
6,2088,evaluation
6,2089,evaluation
6,2090,evaluation
6,2091,evaluation
6,2092,evaluation
6,2093,evaluation
6,2094,evaluation
6,2095,evaluation
6,2096,evaluation
6,2097,evaluation
6,2098,evaluation
6,2099,evaluation
6,2100,evaluation
6,2101,evaluation
6,2102,evaluation
6,2103,evaluation
6,2104,evaluation
6,2105,evaluation
6,2106,evaluation
6,2107,evaluation
6,2108,evaluation
6,2109,evaluation
6,2110,evaluation
6,2111,evaluation
6,2112,evaluation
6,2113,evaluation
6,2114,evaluation
6,2115,evaluation
6,2116,evaluation
6,2117,evaluation
6,2118,evaluation
6,2119,evaluation
6,2120,evaluation
6,2121,evaluation
6,2122,evaluation
6,2123,evaluation
6,2124,evaluation
6,2125,evaluation
6,2126,calibration
6,2127,evaluation
6,2128,evaluation
6,2129,evaluation
6,2130,evaluation
6,2131,evaluation
6,2132,evaluation
6,2133,evaluation
6,2134,evaluation
6,2135,evaluation
6,2136,evaluation
6,2137,calibration
6,2138,evaluation
6,2139,evaluation
6,2140,evaluation
6,2141,evaluation
6,2142,evaluation
6,2143,evaluation
6,2144,evaluation
6,2145,evaluation
6,2146,evaluation
6,2147,evaluation
6,2148,evaluation
6,2149,evaluation
6,2150,evaluation
6,2151,evaluation
6,2152,evaluation
6,2153,evaluation
6,2154,evaluation
6,2155,evaluation
6,2156,evaluation
6,2157,evaluation
6,2158,evaluation
6,2159,evaluation
6,2160,evaluation
6,2161,evaluation
6,2162,evaluation
6,2163,evaluation
6,2164,evaluation
6,2165,evaluation
6,2166,evaluation
6,2167,evaluation
6,2168,evaluation
6,2169,evaluation
6,2170,evaluation
6,2171,evaluation
6,2172,evaluation
6,2173,evaluation
6,2174,evaluation
6,2175,evaluation
6,2176,evaluation
6,2177,evaluation
6,2178,evaluation
6,2179,evaluation
7,2180,evaluation
7,2181,evaluation
7,2182,evaluation
7,2183,evaluation
7,2184,evaluation
7,2185,evaluation
7,2186,evaluation
7,2187,evaluation
7,2188,evaluation
7,2189,evaluation
7,2190,evaluation
7,2191,evaluation
7,2192,calibration
7,2193,evaluation
7,2194,evaluation
7,2195,evaluation
7,2196,evaluation
7,2197,evaluation
7,2198,evaluation
7,2199,evaluation
7,2200,evaluation
7,2201,evaluation
7,2202,evaluation
7,2203,calibration
7,2204,evaluation
7,2205,evaluation
7,2206,calibration
7,2207,evaluation
7,2208,evaluation
7,2209,evaluation
7,2210,evaluation
7,2211,evaluation
7,2212,evaluation
7,2213,evaluation
7,2214,evaluation
7,2215,evaluation
7,2216,evaluation
7,2217,evaluation
7,2218,evaluation
7,2219,evaluation
7,2220,evaluation
7,2221,evaluation
7,2222,calibration
7,2223,evaluation
7,2224,evaluation
7,2225,evaluation
7,2226,evaluation
7,2227,evaluation
7,2228,evaluation
7,2229,evaluation
7,2230,evaluation
7,2231,evaluation
7,2232,evaluation
7,2233,evaluation
7,2234,evaluation
7,2235,evaluation
7,2236,evaluation
7,2237,evaluation
7,2238,evaluation
7,2239,evaluation
7,2240,evaluation
7,2241,evaluation
7,2242,evaluation
7,2243,evaluation
7,2244,evaluation
7,2245,evaluation
7,2246,evaluation
7,2247,evaluation
7,2248,evaluation
7,2249,evaluation
7,2250,evaluation
7,2251,evaluation
7,2252,evaluation
7,2253,evaluation
7,2254,evaluation
7,2255,evaluation
7,2256,evaluation
7,2257,evaluation
7,2258,evaluation
7,2259,evaluation
7,2260,evaluation
7,2261,evaluation
7,2262,evaluation
7,2263,evaluation
7,2264,evaluation
7,2265,evaluation
7,2266,evaluation
7,2267,evaluation
7,2268,evaluation
7,2269,evaluation
7,2270,evaluation
7,2271,evaluation
7,2272,evaluation
7,2273,evaluation
7,2274,evaluation
7,2275,evaluation
7,2276,evaluation
7,2277,evaluation
7,2278,evaluation
7,2279,evaluation
7,2280,evaluation
7,2281,evaluation
7,2282,evaluation
7,2283,evaluation
7,2284,evaluation
7,2285,calibration
7,2286,evaluation
7,2287,evaluation
7,2288,evaluation
7,2289,evaluation
7,2290,evaluation
7,2291,evaluation
7,2292,evaluation
7,2293,evaluation
7,2294,evaluation
7,2295,evaluation
7,2296,evaluation
7,2297,evaluation
7,2298,evaluation
7,2299,evaluation
7,2300,evaluation
7,2301,evaluation
7,2302,evaluation
7,2303,evaluation
7,2304,evaluation
7,2305,evaluation
7,2306,evaluation
7,2307,evaluation
7,2308,evaluation
7,2309,evaluation
7,2310,evaluation
7,2311,evaluation
7,2312,evaluation
7,2313,evaluation
7,2314,evaluation
7,2315,evaluation
7,2316,evaluation
7,2317,evaluation
7,2318,evaluation
7,2319,evaluation
7,2320,calibration
7,2321,evaluation
7,2322,evaluation
7,2323,evaluation
7,2324,evaluation
7,2325,evaluation
7,2326,evaluation
7,2327,evaluation
7,2328,evaluation
7,2329,calibration
7,2330,evaluation
7,2331,evaluation
7,2332,evaluation
7,2333,evaluation
7,2334,evaluation
7,2335,evaluation
7,2336,evaluation
7,2337,evaluation
7,2338,evaluation
7,2339,evaluation
7,2340,evaluation
7,2341,evaluation
7,2342,evaluation
7,2343,evaluation
7,2344,evaluation
7,2345,evaluation
7,2346,evaluation
7,2347,evaluation
7,2348,evaluation
7,2349,evaluation
7,2350,evaluation
7,2351,evaluation
7,2352,evaluation
7,2353,evaluation
7,2354,evaluation
7,2355,evaluation
7,2356,calibration
7,2357,evaluation
7,2358,evaluation
7,2359,evaluation
7,2360,evaluation
7,2361,evaluation
7,2362,evaluation
7,2363,evaluation
7,2364,evaluation
7,2365,evaluation
7,2366,evaluation
7,2367,evaluation
7,2368,evaluation
7,2369,evaluation
7,2370,calibration
7,2371,evaluation
7,2372,evaluation
7,2373,evaluation
7,2374,evaluation
7,2375,evaluation
7,2376,evaluation
7,2377,calibration
7,2378,evaluation
7,2379,evaluation
7,2380,evaluation
7,2381,evaluation
7,2382,evaluation
7,2383,evaluation
7,2384,evaluation
7,2385,evaluation
7,2386,calibration
7,2387,evaluation
7,2388,evaluation
7,2389,calibration
7,2390,evaluation
7,2391,evaluation
7,2392,evaluation
7,2393,evaluation
7,2394,evaluation
7,2395,evaluation
7,2396,evaluation
7,2397,evaluation
7,2398,evaluation
7,2399,evaluation
7,2400,evaluation
7,2401,evaluation
7,2402,evaluation
7,2403,evaluation
7,2404,evaluation
7,2405,evaluation
7,2406,evaluation
7,2407,evaluation
7,2408,evaluation
7,2409,evaluation
7,2410,evaluation
7,2411,evaluation
7,2412,evaluation
7,2413,evaluation
7,2414,evaluation
7,2415,evaluation
7,2416,evaluation
7,2417,evaluation
7,2418,evaluation
7,2419,evaluation
7,2420,evaluation
7,2421,evaluation
7,2422,evaluation
7,2423,evaluation
7,2424,evaluation
7,2425,evaluation
7,2426,evaluation
7,2427,evaluation
7,2428,evaluation
7,2429,evaluation
7,2430,evaluation
7,2431,evaluation
7,2432,evaluation
7,2433,calibration
7,2434,evaluation
7,2435,evaluation
7,2436,evaluation
7,2437,evaluation
7,2438,evaluation
7,2439,evaluation
7,2440,calibration
7,2441,evaluation
7,2442,evaluation
7,2443,evaluation
7,2444,evaluation
7,2445,evaluation
7,2446,evaluation
7,2447,evaluation
7,2448,evaluation
7,2449,evaluation
7,2450,evaluation
7,2451,evaluation
7,2452,evaluation
7,2453,evaluation
7,2454,evaluation
7,2455,evaluation
7,2456,evaluation
7,2457,evaluation
7,2458,evaluation
7,2459,evaluation
7,2460,evaluation
7,2461,evaluation
7,2462,evaluation
7,2463,evaluation
7,2464,evaluation
7,2465,evaluation
7,2466,evaluation
7,2467,evaluation
7,2468,evaluation
7,2469,evaluation
7,2470,evaluation
7,2471,evaluation
7,2472,calibration
7,2473,evaluation
7,2474,evaluation
7,2475,evaluation
7,2476,evaluation
7,2477,evaluation
7,2478,evaluation
7,2479,evaluation
7,2480,evaluation
7,2481,evaluation
7,2482,evaluation
7,2483,evaluation
7,2484,evaluation
7,2485,evaluation
7,2486,evaluation
7,2487,evaluation
7,2488,evaluation
7,2489,calibration
7,2490,evaluation
7,2491,evaluation
7,2492,evaluation
7,2493,evaluation
7,2494,evaluation
7,2495,evaluation
7,2496,evaluation
7,2497,evaluation
7,2498,evaluation
7,2499,evaluation
7,2500,evaluation
7,2501,evaluation
7,2502,calibration
7,2503,evaluation
7,2504,evaluation
7,2505,evaluation
7,2506,evaluation
7,2507,evaluation
7,2508,evaluation
7,2509,evaluation
7,2510,evaluation
7,2511,evaluation
7,2512,evaluation
7,2513,evaluation
7,2514,evaluation
7,2515,calibration
7,2516,evaluation
7,2517,evaluation
7,2518,evaluation
7,2519,evaluation
7,2520,evaluation
7,2521,evaluation
7,2522,evaluation
7,2523,evaluation
7,2524,evaluation
7,2525,evaluation
7,2526,evaluation
7,2527,evaluation
7,2528,evaluation
7,2529,evaluation
7,2530,evaluation
7,2531,evaluation
7,2532,evaluation
7,2533,evaluation
7,2534,evaluation
7,2535,evaluation
7,2536,evaluation
7,2537,evaluation
7,2538,evaluation
7,2539,evaluation
7,2540,evaluation
7,2541,calibration
7,2542,evaluation
7,2543,evaluation
7,2544,evaluation
7,2545,evaluation
7,2546,evaluation
7,2547,evaluation
7,2548,evaluation
7,2549,evaluation
7,2550,evaluation
7,2551,evaluation
7,2552,evaluation
7,2553,calibration
7,2554,evaluation
7,2555,evaluation
7,2556,evaluation
7,2557,evaluation
7,2558,evaluation
7,2559,evaluation
7,2560,evaluation
7,2561,evaluation
7,2562,evaluation
7,2563,evaluation
7,2564,evaluation
7,2565,evaluation
7,2566,evaluation
7,2567,evaluation
7,2568,evaluation
7,2569,evaluation
7,2570,evaluation
7,2571,evaluation
8,2572,calibration
8,2573,evaluation
8,2574,calibration
8,2575,calibration
8,2576,calibration
8,2577,evaluation
8,2578,evaluation
8,2579,evaluation
8,2580,evaluation
8,2581,evaluation
8,2582,evaluation
8,2583,evaluation
8,2584,evaluation
8,2585,evaluation
8,2586,evaluation
8,2587,evaluation
8,2588,evaluation
8,2589,evaluation
8,2590,evaluation
8,2591,evaluation
8,2592,evaluation
8,2593,evaluation
8,2594,evaluation
8,2595,evaluation
8,2596,evaluation
8,2597,evaluation
8,2598,evaluation
8,2599,evaluation
8,2600,evaluation
8,2601,evaluation
8,2602,evaluation
8,2603,evaluation
8,2604,evaluation
8,2605,evaluation
8,2606,evaluation
8,2607,evaluation
8,2608,evaluation
8,2609,evaluation
8,2610,evaluation
8,2611,evaluation
8,2612,evaluation
8,2613,evaluation
8,2614,evaluation
8,2615,evaluation
8,2616,evaluation
8,2617,evaluation
8,2618,evaluation
8,2619,evaluation
8,2620,calibration
8,2621,evaluation
8,2622,evaluation
8,2623,evaluation
8,2624,evaluation
8,2625,evaluation
8,2626,evaluation
8,2627,evaluation
8,2628,evaluation
8,2629,evaluation
8,2630,evaluation
8,2631,evaluation
8,2632,calibration
8,2633,evaluation
8,2634,evaluation
8,2635,evaluation
8,2636,calibration
8,2637,evaluation
8,2638,evaluation
8,2639,evaluation
8,2640,evaluation
8,2641,evaluation
8,2642,evaluation
8,2643,evaluation
8,2644,evaluation
8,2645,evaluation
8,2646,calibration
8,2647,evaluation
8,2648,evaluation
8,2649,evaluation
8,2650,evaluation
8,2651,evaluation
8,2652,evaluation
8,2653,evaluation
8,2654,evaluation
8,2655,evaluation
8,2656,evaluation
8,2657,calibration
8,2658,evaluation
8,2659,evaluation
8,2660,evaluation
8,2661,evaluation
8,2662,calibration
8,2663,evaluation
8,2664,evaluation
8,2665,calibration
8,2666,evaluation
8,2667,calibration
8,2668,evaluation
8,2669,evaluation
8,2670,evaluation
8,2671,evaluation
8,2672,evaluation
8,2673,evaluation
8,2674,evaluation
8,2675,calibration
8,2676,calibration
8,2677,evaluation
8,2678,evaluation
8,2679,evaluation
8,2680,calibration
8,2681,evaluation
8,2682,evaluation
8,2683,evaluation
8,2684,evaluation
8,2685,calibration
8,2686,evaluation
8,2687,evaluation
8,2688,evaluation
8,2689,evaluation
8,2690,calibration
8,2691,evaluation
8,2692,evaluation
8,2693,evaluation
8,2694,evaluation
8,2695,evaluation
8,2696,evaluation
8,2697,evaluation
8,2698,evaluation
8,2699,evaluation
8,2700,evaluation
8,2701,evaluation
8,2702,calibration
8,2703,evaluation
8,2704,evaluation
8,2705,evaluation
8,2706,evaluation
8,2707,calibration
8,2708,evaluation
8,2709,calibration
8,2710,evaluation
8,2711,evaluation
8,2712,evaluation
8,2713,evaluation
9,2714,evaluation
9,2715,evaluation
9,2716,evaluation
9,2717,evaluation
9,2718,evaluation
9,2719,evaluation
9,2720,evaluation
9,2721,evaluation
9,2722,evaluation
9,2723,evaluation
9,2724,evaluation
9,2725,evaluation
9,2726,evaluation
9,2727,evaluation
9,2728,evaluation
9,2729,evaluation
9,2730,evaluation
9,2731,evaluation
9,2732,evaluation
9,2733,evaluation
9,2734,evaluation
9,2735,evaluation
9,2736,evaluation
9,2737,evaluation
9,2738,evaluation
9,2739,calibration
9,2740,evaluation
9,2741,evaluation
9,2742,evaluation
9,2743,evaluation
9,2744,evaluation
9,2745,evaluation
9,2746,evaluation
9,2747,evaluation
9,2748,evaluation
9,2749,evaluation
9,2750,evaluation
9,2751,evaluation
9,2752,evaluation
9,2753,evaluation
9,2754,evaluation
9,2755,evaluation
9,2756,evaluation
9,2757,evaluation
9,2758,evaluation
9,2759,evaluation
9,2760,evaluation
9,2761,evaluation
9,2762,evaluation
9,2763,evaluation
9,2764,evaluation
9,2765,evaluation
9,2766,evaluation
9,2767,evaluation
9,2768,evaluation
9,2769,evaluation
9,2770,evaluation
9,2771,calibration
9,2772,evaluation
9,2773,evaluation
9,2774,evaluation
9,2775,evaluation
9,2776,evaluation
9,2777,evaluation
9,2778,evaluation
9,2779,evaluation
9,2780,evaluation
9,2781,evaluation
9,2782,evaluation
9,2783,evaluation
9,2784,evaluation
9,2785,evaluation
9,2786,evaluation
9,2787,evaluation
9,2788,calibration
9,2789,calibration
9,2790,evaluation
9,2791,evaluation
9,2792,evaluation
9,2793,evaluation
9,2794,evaluation
9,2795,evaluation
9,2796,evaluation
9,2797,evaluation
9,2798,evaluation
9,2799,evaluation
9,2800,evaluation
9,2801,evaluation
9,2802,evaluation
9,2803,evaluation
9,2804,evaluation
9,2805,evaluation
9,2806,evaluation
9,2807,evaluation
9,2808,evaluation
9,2809,evaluation
9,2810,evaluation
9,2811,calibration
9,2812,evaluation
9,2813,evaluation
9,2814,evaluation
9,2815,evaluation
9,2816,evaluation
9,2817,calibration
9,2818,evaluation
9,2819,evaluation
9,2820,evaluation
9,2821,evaluation
9,2822,evaluation
9,2823,evaluation
9,2824,evaluation
9,2825,evaluation
9,2826,evaluation
9,2827,evaluation
9,2828,calibration
9,2829,evaluation
9,2830,evaluation
9,2831,evaluation
9,2832,evaluation
9,2833,evaluation
9,2834,evaluation
9,2835,evaluation
9,2836,evaluation
9,2837,evaluation
9,2838,evaluation
9,2839,evaluation
9,2840,evaluation
9,2841,evaluation
9,2842,evaluation
9,2843,evaluation
9,2844,evaluation
9,2845,calibration
9,2846,evaluation
9,2847,evaluation
9,2848,evaluation
9,2849,evaluation
9,2850,evaluation
9,2851,evaluation
9,2852,evaluation
9,2853,evaluation
9,2854,evaluation
9,2855,evaluation
9,2856,evaluation
9,2857,evaluation
9,2858,evaluation
9,2859,calibration
9,2860,evaluation
9,2861,evaluation
9,2862,evaluation
9,2863,evaluation
9,2864,evaluation
9,2865,evaluation
9,2866,evaluation
9,2867,evaluation
9,2868,evaluation
9,2869,evaluation
9,2870,evaluation
9,2871,evaluation
9,2872,evaluation
9,2873,calibration
9,2874,calibration
9,2875,evaluation
9,2876,evaluation
9,2877,evaluation
9,2878,evaluation
9,2879,evaluation
9,2880,evaluation
9,2881,evaluation
9,2882,evaluation
9,2883,evaluation
9,2884,evaluation
9,2885,evaluation
9,2886,evaluation
9,2887,evaluation
9,2888,evaluation
9,2889,evaluation
9,2890,evaluation
9,2891,evaluation
9,2892,evaluation
9,2893,calibration
9,2894,evaluation
9,2895,evaluation
9,2896,evaluation
9,2897,evaluation
9,2898,evaluation
9,2899,evaluation
9,2900,evaluation
9,2901,evaluation
9,2902,evaluation
9,2903,evaluation
9,2904,evaluation
9,2905,evaluation
9,2906,evaluation
9,2907,evaluation
9,2908,evaluation
9,2909,evaluation
9,2910,evaluation
9,2911,evaluation
9,2912,evaluation
9,2913,evaluation
9,2914,evaluation
9,2915,evaluation
9,2916,evaluation
9,2917,evaluation
9,2918,evaluation
9,2919,evaluation
9,2920,evaluation
9,2921,evaluation
9,2922,evaluation
9,2923,calibration
9,2924,evaluation
9,2925,evaluation
9,2926,evaluation
9,2927,evaluation
9,2928,evaluation
9,2929,evaluation
9,2930,evaluation
9,2931,evaluation
9,2932,evaluation
9,2933,evaluation
9,2934,evaluation
9,2935,evaluation
9,2936,evaluation
9,2937,evaluation
9,2938,evaluation
9,2939,evaluation
9,2940,evaluation
9,2941,evaluation
9,2942,evaluation
9,2943,evaluation
9,2944,evaluation
9,2945,evaluation
9,2946,evaluation
9,2947,evaluation
9,2948,evaluation
9,2949,evaluation
9,2950,evaluation
9,2951,evaluation
9,2952,calibration
9,2953,evaluation
9,2954,evaluation
9,2955,evaluation
9,2956,calibration
9,2957,evaluation
9,2958,evaluation
9,2959,evaluation
9,2960,evaluation
9,2961,evaluation
9,2962,evaluation
9,2963,evaluation
9,2964,evaluation
9,2965,evaluation
9,2966,evaluation
9,2967,evaluation
9,2968,evaluation
9,2969,evaluation
9,2970,evaluation
9,2971,evaluation
9,2972,evaluation
9,2973,evaluation
9,2974,evaluation
9,2975,evaluation
9,2976,evaluation
9,2977,evaluation
9,2978,evaluation
9,2979,evaluation
9,2980,evaluation
9,2981,evaluation
9,2982,evaluation
9,2983,evaluation
9,2984,evaluation
9,2985,evaluation
9,2986,evaluation
9,2987,evaluation
9,2988,evaluation
9,2989,evaluation
9,2990,evaluation
9,2991,evaluation
9,2992,evaluation
9,2993,evaluation
9,2994,evaluation
9,2995,evaluation
9,2996,evaluation
9,2997,evaluation
9,2998,evaluation
9,2999,evaluation
9,3000,calibration
9,3001,evaluation
9,3002,evaluation
9,3003,evaluation
9,3004,evaluation
9,3005,evaluation
9,3006,evaluation
9,3007,evaluation
9,3008,evaluation
9,3009,evaluation
9,3010,evaluation
9,3011,evaluation
9,3012,evaluation
9,3013,evaluation
9,3014,evaluation
9,3015,evaluation
9,3016,evaluation
9,3017,evaluation
9,3018,evaluation
9,3019,evaluation
9,3020,evaluation
9,3021,evaluation
9,3022,evaluation
9,3023,evaluation
9,3024,evaluation
9,3025,evaluation
9,3026,evaluation
9,3027,evaluation
9,3028,evaluation
9,3029,evaluation
9,3030,calibration
9,3031,evaluation
9,3032,evaluation
9,3033,evaluation
9,3034,evaluation
9,3035,evaluation
9,3036,evaluation
9,3037,evaluation
9,3038,evaluation
9,3039,evaluation
9,3040,evaluation
9,3041,evaluation
9,3042,evaluation
9,3043,evaluation
9,3044,evaluation
9,3045,evaluation
9,3046,evaluation
9,3047,evaluation
9,3048,evaluation
9,3049,evaluation
9,3050,evaluation
9,3051,evaluation
9,3052,evaluation
9,3053,evaluation
9,3054,evaluation
9,3055,evaluation
9,3056,evaluation
9,3057,evaluation
9,3058,evaluation
9,3059,evaluation
9,3060,evaluation
9,3061,evaluation
9,3062,evaluation
9,3063,evaluation
9,3064,evaluation
9,3065,evaluation
9,3066,calibration
9,3067,evaluation
9,3068,evaluation
9,3069,evaluation
9,3070,evaluation
9,3071,evaluation
9,3072,evaluation
9,3073,evaluation
9,3074,evaluation
9,3075,evaluation
9,3076,evaluation
9,3077,evaluation
9,3078,evaluation
9,3079,evaluation
9,3080,evaluation
9,3081,evaluation
9,3082,evaluation
9,3083,evaluation
9,3084,evaluation
9,3085,evaluation
9,3086,evaluation
9,3087,calibration
9,3088,evaluation
9,3089,evaluation
9,3090,evaluation
9,3091,evaluation
9,3092,evaluation
9,3093,calibration
9,3094,evaluation
9,3095,evaluation
9,3096,evaluation
9,3097,evaluation
9,3098,evaluation
9,3099,evaluation
9,3100,evaluation
9,3101,evaluation
9,3102,evaluation
9,3103,evaluation
9,3104,evaluation
9,3105,evaluation
9,3106,evaluation
9,3107,evaluation
9,3108,evaluation
9,3109,evaluation
9,3110,evaluation
9,3111,evaluation
9,3112,evaluation
9,3113,evaluation
9,3114,evaluation
9,3115,evaluation
9,3116,evaluation
9,3117,evaluation
10,3118,evaluation
10,3119,evaluation
10,3120,evaluation
10,3121,evaluation
10,3122,evaluation
10,3123,evaluation
10,3124,evaluation
10,3125,evaluation
10,3126,evaluation
10,3127,evaluation
10,3128,evaluation
10,3129,evaluation
10,3130,evaluation
10,3131,evaluation
10,3132,evaluation
10,3133,evaluation
10,3134,evaluation
10,3135,evaluation
10,3136,evaluation
10,3137,evaluation
10,3138,evaluation
10,3139,evaluation
10,3140,evaluation
10,3141,evaluation
10,3142,evaluation
10,3143,evaluation
10,3144,evaluation
10,3145,evaluation
10,3146,evaluation
10,3147,evaluation
10,3148,evaluation
10,3149,evaluation
10,3150,evaluation
10,3151,evaluation
10,3152,evaluation
10,3153,evaluation
10,3154,evaluation
10,3155,evaluation
10,3156,evaluation
10,3157,evaluation
10,3158,evaluation
10,3159,evaluation
10,3160,evaluation
10,3161,evaluation
10,3162,evaluation
10,3163,evaluation
10,3164,evaluation
10,3165,evaluation
10,3166,evaluation
10,3167,evaluation
10,3168,evaluation
10,3169,evaluation
10,3170,evaluation
10,3171,evaluation
10,3172,evaluation
10,3173,evaluation
10,3174,evaluation
10,3175,evaluation
10,3176,evaluation
10,3177,evaluation
10,3178,evaluation
10,3179,evaluation
10,3180,evaluation
10,3181,calibration
10,3182,evaluation
10,3183,evaluation
10,3184,evaluation
10,3185,evaluation
10,3186,evaluation
10,3187,evaluation
10,3188,evaluation
10,3189,evaluation
10,3190,evaluation
10,3191,evaluation
10,3192,evaluation
10,3193,evaluation
10,3194,calibration
10,3195,evaluation
10,3196,evaluation
10,3197,evaluation
10,3198,evaluation
10,3199,evaluation
10,3200,evaluation
10,3201,evaluation
10,3202,evaluation
10,3203,evaluation
10,3204,evaluation
10,3205,evaluation
10,3206,evaluation
10,3207,evaluation
10,3208,evaluation
10,3209,evaluation
10,3210,calibration
10,3211,evaluation
10,3212,evaluation
10,3213,evaluation
10,3214,evaluation
10,3215,evaluation
10,3216,evaluation
10,3217,evaluation
10,3218,evaluation
10,3219,evaluation
10,3220,evaluation
10,3221,evaluation
10,3222,evaluation
10,3223,evaluation
10,3224,evaluation
10,3225,evaluation
10,3226,evaluation
10,3227,evaluation
10,3228,evaluation
10,3229,evaluation
10,3230,evaluation
10,3231,evaluation
10,3232,calibration
10,3233,evaluation
10,3234,evaluation
10,3235,evaluation
10,3236,evaluation
10,3237,evaluation
10,3238,evaluation
10,3239,evaluation
10,3240,evaluation
10,3241,evaluation
10,3242,evaluation
10,3243,evaluation
10,3244,evaluation
10,3245,evaluation
10,3246,evaluation
10,3247,evaluation
10,3248,evaluation
10,3249,evaluation
10,3250,evaluation
10,3251,evaluation
10,3252,evaluation
10,3253,evaluation
10,3254,evaluation
10,3255,evaluation
10,3256,evaluation
10,3257,evaluation
10,3258,evaluation
10,3259,evaluation
10,3260,evaluation
10,3261,evaluation
10,3262,evaluation
10,3263,evaluation
10,3264,evaluation
10,3265,evaluation
10,3266,evaluation
10,3267,evaluation
10,3268,evaluation
10,3269,evaluation
10,3270,evaluation
10,3271,evaluation
10,3272,evaluation
10,3273,evaluation
10,3274,evaluation
10,3275,evaluation
10,3276,evaluation
10,3277,evaluation
10,3278,calibration
10,3279,evaluation
10,3280,evaluation
10,3281,evaluation
10,3282,evaluation
10,3283,evaluation
10,3284,evaluation
10,3285,evaluation
10,3286,evaluation
10,3287,evaluation
10,3288,evaluation
10,3289,evaluation
10,3290,evaluation
10,3291,evaluation
10,3292,evaluation
10,3293,evaluation
10,3294,evaluation
10,3295,evaluation
10,3296,evaluation
10,3297,evaluation
10,3298,evaluation
10,3299,evaluation
10,3300,evaluation
10,3301,evaluation
10,3302,evaluation
10,3303,evaluation
10,3304,evaluation
10,3305,evaluation
10,3306,evaluation
10,3307,evaluation
10,3308,evaluation
10,3309,evaluation
10,3310,evaluation
10,3311,evaluation
10,3312,evaluation
10,3313,evaluation
10,3314,evaluation
10,3315,evaluation
10,3316,evaluation
10,3317,evaluation
10,3318,evaluation
10,3319,evaluation
10,3320,evaluation
10,3321,evaluation
10,3322,evaluation
10,3323,evaluation
10,3324,evaluation
10,3325,evaluation
10,3326,evaluation
10,3327,evaluation
10,3328,evaluation
10,3329,evaluation
10,3330,evaluation
10,3331,evaluation
10,3332,evaluation
10,3333,evaluation
10,3334,evaluation
10,3335,evaluation
10,3336,evaluation
10,3337,evaluation
10,3338,evaluation
10,3339,evaluation
10,3340,evaluation
10,3341,evaluation
10,3342,evaluation
10,3343,evaluation
10,3344,evaluation
10,3345,evaluation
10,3346,evaluation
10,3347,evaluation
10,3348,evaluation
10,3349,evaluation
10,3350,evaluation
10,3351,evaluation
10,3352,evaluation
10,3353,evaluation
10,3354,evaluation
10,3355,evaluation
10,3356,evaluation
10,3357,evaluation
10,3358,evaluation
10,3359,evaluation
10,3360,evaluation
10,3361,evaluation
10,3362,evaluation
10,3363,evaluation
10,3364,evaluation
10,3365,evaluation
10,3366,evaluation
10,3367,evaluation
10,3368,evaluation
10,3369,evaluation
10,3370,evaluation
10,3371,evaluation
10,3372,evaluation
10,3373,evaluation
10,3374,evaluation
10,3375,calibration
10,3376,evaluation
10,3377,evaluation
10,3378,evaluation
10,3379,evaluation
10,3380,evaluation
10,3381,evaluation
10,3382,evaluation
10,3383,evaluation
10,3384,evaluation
10,3385,evaluation
10,3386,evaluation
10,3387,evaluation
10,3388,evaluation
10,3389,evaluation
10,3390,evaluation
10,3391,evaluation
10,3392,evaluation
10,3393,evaluation
10,3394,evaluation
10,3395,evaluation
10,3396,evaluation
10,3397,calibration
10,3398,evaluation
10,3399,evaluation
10,3400,evaluation
10,3401,evaluation
10,3402,evaluation
10,3403,evaluation
10,3404,evaluation
10,3405,evaluation
10,3406,evaluation
10,3407,evaluation
10,3408,evaluation
10,3409,evaluation
10,3410,evaluation
10,3411,evaluation
10,3412,evaluation
10,3413,evaluation
10,3414,evaluation
10,3415,evaluation
10,3416,evaluation
10,3417,evaluation
10,3418,evaluation
10,3419,evaluation
10,3420,evaluation
10,3421,evaluation
10,3422,evaluation
10,3423,evaluation
10,3424,evaluation
10,3425,evaluation
10,3426,evaluation
10,3427,evaluation
10,3428,evaluation
10,3429,evaluation
10,3430,evaluation
10,3431,evaluation
10,3432,calibration
10,3433,evaluation
10,3434,evaluation
10,3435,evaluation
10,3436,evaluation
10,3437,evaluation
10,3438,evaluation
10,3439,evaluation
10,3440,evaluation
10,3441,evaluation
10,3442,evaluation
10,3443,evaluation
10,3444,evaluation
10,3445,evaluation
10,3446,evaluation
10,3447,evaluation
10,3448,evaluation
10,3449,evaluation
10,3450,evaluation
10,3451,evaluation
10,3452,evaluation
10,3453,evaluation
10,3454,evaluation
10,3455,evaluation
10,3456,evaluation
10,3457,evaluation
10,3458,evaluation
10,3459,evaluation
10,3460,evaluation
10,3461,calibration
10,3462,evaluation
10,3463,evaluation
10,3464,evaluation
10,3465,evaluation
10,3466,evaluation
10,3467,evaluation
10,3468,evaluation
10,3469,evaluation
10,3470,evaluation
10,3471,evaluation
10,3472,evaluation
10,3473,evaluation
10,3474,evaluation
10,3475,evaluation
10,3476,evaluation
10,3477,evaluation
10,3478,evaluation
10,3479,evaluation
10,3480,evaluation
10,3481,evaluation
10,3482,evaluation
10,3483,evaluation
10,3484,evaluation
10,3485,evaluation
10,3486,evaluation
10,3487,evaluation
10,3488,evaluation
10,3489,evaluation
10,3490,evaluation
10,3491,evaluation
10,3492,evaluation
10,3493,evaluation
10,3494,evaluation
10,3495,evaluation
10,3496,evaluation
10,3497,evaluation
10,3498,evaluation
10,3499,evaluation
10,3500,evaluation
10,3501,evaluation
10,3502,evaluation
10,3503,evaluation
10,3504,evaluation
10,3505,evaluation
10,3506,evaluation
10,3507,evaluation
10,3508,evaluation
10,3509,evaluation
10,3510,evaluation
10,3511,evaluation
10,3512,evaluation
10,3513,evaluation
10,3514,evaluation
10,3515,evaluation
10,3516,evaluation
10,3517,evaluation
10,3518,evaluation
10,3519,evaluation
10,3520,evaluation
10,3521,evaluation
10,3522,evaluation
10,3523,evaluation
10,3524,evaluation
10,3525,evaluation
10,3526,evaluation
10,3527,evaluation
10,3528,evaluation
10,3529,evaluation
10,3530,evaluation
10,3531,evaluation
10,3532,evaluation
10,3533,evaluation
10,3534,evaluation
10,3535,evaluation
10,3536,evaluation
10,3537,evaluation
10,3538,evaluation
10,3539,evaluation
10,3540,evaluation
10,3541,evaluation
10,3542,evaluation
10,3543,evaluation
10,3544,evaluation
10,3545,evaluation
10,3546,evaluation
10,3547,evaluation
10,3548,evaluation
10,3549,evaluation
10,3550,evaluation
10,3551,evaluation
10,3552,evaluation
10,3553,evaluation
10,3554,evaluation
10,3555,evaluation
10,3556,evaluation
10,3557,evaluation
10,3558,evaluation
10,3559,evaluation
10,3560,evaluation
10,3561,evaluation
10,3562,calibration
10,3563,evaluation
10,3564,evaluation
10,3565,evaluation
10,3566,evaluation
10,3567,evaluation
10,3568,evaluation
10,3569,evaluation
10,3570,evaluation
10,3571,evaluation
10,3572,evaluation
10,3573,evaluation
10,3574,evaluation
10,3575,evaluation
10,3576,evaluation
10,3577,evaluation
10,3578,evaluation
10,3579,evaluation
10,3580,evaluation
10,3581,evaluation
10,3582,evaluation
10,3583,evaluation
10,3584,evaluation
10,3585,evaluation
10,3586,evaluation
10,3587,evaluation
10,3588,evaluation
10,3589,evaluation
10,3590,evaluation
10,3591,evaluation
10,3592,evaluation
10,3593,evaluation
10,3594,evaluation
10,3595,evaluation
10,3596,evaluation
10,3597,evaluation
10,3598,evaluation
10,3599,evaluation
10,3600,evaluation
10,3601,evaluation
10,3602,evaluation
10,3603,evaluation
10,3604,evaluation
10,3605,evaluation
10,3606,evaluation
10,3607,evaluation
10,3608,evaluation
10,3609,evaluation
10,3610,evaluation
10,3611,evaluation
10,3612,evaluation
10,3613,calibration
10,3614,evaluation
10,3615,evaluation
10,3616,evaluation
10,3617,evaluation
10,3618,evaluation
10,3619,evaluation
10,3620,calibration
10,3621,evaluation
10,3622,evaluation
10,3623,evaluation
10,3624,evaluation
10,3625,evaluation
10,3626,evaluation
10,3627,evaluation
10,3628,evaluation
10,3629,evaluation
10,3630,evaluation
10,3631,evaluation
10,3632,evaluation
10,3633,calibration
10,3634,evaluation
10,3635,evaluation
10,3636,evaluation
10,3637,evaluation
10,3638,evaluation
10,3639,evaluation
10,3640,evaluation
10,3641,evaluation
10,3642,evaluation
10,3643,evaluation
10,3644,evaluation
10,3645,evaluation
10,3646,evaluation
10,3647,evaluation
10,3648,evaluation
10,3649,evaluation
10,3650,evaluation
10,3651,evaluation
10,3652,evaluation
10,3653,evaluation
10,3654,evaluation
10,3655,evaluation
10,3656,evaluation
10,3657,evaluation
10,3658,evaluation
10,3659,evaluation
10,3660,evaluation
10,3661,evaluation
10,3662,evaluation
10,3663,evaluation
10,3664,evaluation
10,3665,evaluation
10,3666,evaluation
10,3667,evaluation
10,3668,evaluation
10,3669,evaluation
10,3670,evaluation
10,3671,evaluation
10,3672,evaluation
10,3673,evaluation
10,3674,evaluation
10,3675,evaluation
10,3676,evaluation
10,3677,evaluation
10,3678,evaluation
10,3679,evaluation
10,3680,evaluation
10,3681,evaluation
10,3682,evaluation
10,3683,evaluation
10,3684,evaluation
10,3685,evaluation
10,3686,evaluation
10,3687,evaluation
10,3688,evaluation
10,3689,evaluation
10,3690,evaluation
10,3691,evaluation
10,3692,evaluation
10,3693,calibration
10,3694,evaluation
10,3695,evaluation
10,3696,evaluation
10,3697,evaluation
10,3698,evaluation
10,3699,evaluation
10,3700,evaluation
10,3701,calibration
10,3702,evaluation
10,3703,evaluation
10,3704,evaluation
10,3705,evaluation
10,3706,evaluation
10,3707,evaluation
10,3708,evaluation
10,3709,evaluation
10,3710,evaluation
10,3711,calibration
10,3712,evaluation
10,3713,evaluation
10,3714,calibration
10,3715,evaluation
10,3716,evaluation
10,3717,evaluation
10,3718,evaluation
10,3719,evaluation
10,3720,evaluation
10,3721,evaluation
10,3722,evaluation
10,3723,evaluation
10,3724,evaluation
10,3725,evaluation
10,3726,evaluation
10,3727,evaluation
10,3728,evaluation
10,3729,evaluation
10,3730,evaluation
10,3731,evaluation
10,3732,evaluation
10,3733,evaluation
10,3734,evaluation
10,3735,evaluation
10,3736,evaluation
10,3737,evaluation
10,3738,evaluation
10,3739,evaluation
10,3740,evaluation
10,3741,calibration
10,3742,evaluation
10,3743,evaluation
10,3744,evaluation
10,3745,evaluation
10,3746,evaluation
10,3747,evaluation
10,3748,evaluation
10,3749,evaluation
10,3750,evaluation
10,3751,evaluation
10,3752,evaluation
10,3753,evaluation
10,3754,evaluation
10,3755,evaluation
10,3756,evaluation
10,3757,evaluation
10,3758,calibration
10,3759,evaluation
10,3760,evaluation
10,3761,evaluation
10,3762,evaluation
10,3763,evaluation
10,3764,evaluation
10,3765,evaluation
10,3766,evaluation
10,3767,evaluation
10,3768,evaluation
10,3769,evaluation
10,3770,evaluation
10,3771,evaluation
10,3772,evaluation
10,3773,evaluation
10,3774,evaluation
10,3775,evaluation
10,3776,evaluation
10,3777,evaluation
10,3778,evaluation
10,3779,calibration
10,3780,evaluation
10,3781,evaluation
10,3782,evaluation
10,3783,evaluation
10,3784,evaluation
10,3785,evaluation
10,3786,evaluation
10,3787,evaluation
10,3788,evaluation
10,3789,evaluation
10,3790,evaluation
10,3791,evaluation
10,3792,evaluation
10,3793,evaluation
10,3794,evaluation
10,3795,evaluation
10,3796,evaluation
10,3797,evaluation
10,3798,evaluation
10,3799,evaluation
10,3800,evaluation
10,3801,evaluation
10,3802,evaluation
10,3803,evaluation
10,3804,evaluation
10,3805,evaluation
10,3806,evaluation
10,3807,evaluation
10,3808,evaluation
10,3809,evaluation
10,3810,evaluation
10,3811,evaluation
10,3812,evaluation
10,3813,evaluation
10,3814,evaluation
10,3815,evaluation
10,3816,evaluation
10,3817,evaluation
10,3818,evaluation
10,3819,evaluation
10,3820,evaluation
10,3821,evaluation
11,3822,evaluation
11,3823,evaluation
11,3824,evaluation
11,3825,evaluation
11,3826,evaluation
11,3827,evaluation
11,3828,evaluation
11,3829,evaluation
11,3830,evaluation
11,3831,evaluation
11,3832,calibration
11,3833,evaluation
11,3834,evaluation
11,3835,evaluation
11,3836,evaluation
11,3837,evaluation
11,3838,evaluation
11,3839,evaluation
11,3840,evaluation
11,3841,evaluation
11,3842,evaluation
11,3843,calibration
11,3844,calibration
11,3845,evaluation
11,3846,evaluation
11,3847,evaluation
11,3848,evaluation
11,3849,evaluation
11,3850,evaluation
11,3851,evaluation
11,3852,evaluation
11,3853,evaluation
11,3854,evaluation
11,3855,evaluation
11,3856,evaluation
11,3857,evaluation
11,3858,evaluation
11,3859,evaluation
11,3860,evaluation
11,3861,evaluation
11,3862,evaluation
11,3863,evaluation
11,3864,evaluation
11,3865,evaluation
11,3866,evaluation
11,3867,evaluation
11,3868,evaluation
11,3869,evaluation
11,3870,evaluation
11,3871,evaluation
11,3872,evaluation
11,3873,evaluation
11,3874,calibration
11,3875,evaluation
11,3876,evaluation
11,3877,evaluation
11,3878,evaluation
11,3879,evaluation
11,3880,evaluation
11,3881,evaluation
11,3882,evaluation
11,3883,evaluation
11,3884,evaluation
11,3885,evaluation
11,3886,evaluation
11,3887,evaluation
11,3888,calibration
11,3889,evaluation
11,3890,evaluation
11,3891,evaluation
11,3892,evaluation
11,3893,evaluation
11,3894,evaluation
11,3895,evaluation
11,3896,evaluation
11,3897,evaluation
11,3898,evaluation
11,3899,evaluation
11,3900,evaluation
11,3901,evaluation
11,3902,evaluation
11,3903,evaluation
11,3904,evaluation
11,3905,evaluation
11,3906,evaluation
11,3907,evaluation
11,3908,calibration
11,3909,evaluation
11,3910,evaluation
11,3911,evaluation
11,3912,evaluation
11,3913,calibration
11,3914,evaluation
11,3915,evaluation
11,3916,evaluation
11,3917,evaluation
11,3918,evaluation
11,3919,evaluation
11,3920,evaluation
11,3921,evaluation
11,3922,evaluation
11,3923,evaluation
11,3924,evaluation
11,3925,evaluation
11,3926,evaluation
11,3927,evaluation
11,3928,evaluation
11,3929,evaluation
11,3930,evaluation
11,3931,evaluation
11,3932,evaluation
11,3933,evaluation
11,3934,evaluation
11,3935,evaluation
11,3936,evaluation
11,3937,evaluation
11,3938,evaluation
11,3939,calibration
11,3940,evaluation
11,3941,evaluation
11,3942,evaluation
11,3943,evaluation
11,3944,evaluation
11,3945,evaluation
11,3946,evaluation
11,3947,evaluation
11,3948,evaluation
11,3949,evaluation
11,3950,evaluation
11,3951,evaluation
11,3952,evaluation
11,3953,evaluation
11,3954,evaluation
11,3955,evaluation
11,3956,evaluation
11,3957,evaluation
11,3958,evaluation
11,3959,evaluation
11,3960,evaluation
11,3961,evaluation
11,3962,evaluation
11,3963,evaluation
11,3964,evaluation
11,3965,evaluation
11,3966,evaluation
11,3967,evaluation
11,3968,evaluation
11,3969,evaluation
11,3970,evaluation
11,3971,evaluation
11,3972,evaluation
11,3973,evaluation
11,3974,evaluation
11,3975,evaluation
11,3976,evaluation
11,3977,calibration
11,3978,evaluation
11,3979,evaluation
11,3980,evaluation
11,3981,evaluation
11,3982,evaluation
11,3983,evaluation
11,3984,evaluation
11,3985,evaluation
11,3986,evaluation
11,3987,evaluation
11,3988,evaluation
11,3989,evaluation
11,3990,evaluation
11,3991,evaluation
11,3992,evaluation
11,3993,evaluation
11,3994,evaluation
11,3995,evaluation
11,3996,evaluation
11,3997,evaluation
11,3998,evaluation
11,3999,evaluation
11,4000,evaluation
11,4001,evaluation
11,4002,evaluation
11,4003,evaluation
11,4004,evaluation
11,4005,evaluation
11,4006,evaluation
11,4007,evaluation
11,4008,evaluation
11,4009,evaluation
11,4010,evaluation
11,4011,evaluation
11,4012,evaluation
11,4013,evaluation
11,4014,evaluation
11,4015,evaluation
11,4016,evaluation
11,4017,evaluation
11,4018,evaluation
11,4019,evaluation
11,4020,evaluation
11,4021,evaluation
11,4022,evaluation
11,4023,evaluation
11,4024,evaluation
11,4025,evaluation
11,4026,evaluation
11,4027,evaluation
11,4028,evaluation
11,4029,evaluation
11,4030,evaluation
11,4031,evaluation
11,4032,evaluation
11,4033,evaluation
11,4034,evaluation
11,4035,evaluation
11,4036,evaluation
11,4037,evaluation
11,4038,evaluation
11,4039,evaluation
11,4040,evaluation
11,4041,evaluation
11,4042,evaluation
11,4043,evaluation
11,4044,evaluation
11,4045,evaluation
11,4046,evaluation
11,4047,evaluation
11,4048,evaluation
11,4049,calibration
11,4050,evaluation
11,4051,evaluation
11,4052,evaluation
11,4053,evaluation
11,4054,evaluation
11,4055,evaluation
11,4056,evaluation
11,4057,evaluation
11,4058,evaluation
11,4059,evaluation
11,4060,evaluation
11,4061,evaluation
11,4062,evaluation
11,4063,evaluation
11,4064,evaluation
11,4065,evaluation
11,4066,evaluation
11,4067,evaluation
11,4068,evaluation
11,4069,evaluation
11,4070,evaluation
11,4071,evaluation
11,4072,evaluation
11,4073,evaluation
11,4074,evaluation
11,4075,evaluation
11,4076,evaluation
11,4077,evaluation
11,4078,evaluation
11,4079,evaluation
11,4080,evaluation
11,4081,evaluation
11,4082,evaluation
11,4083,calibration
11,4084,evaluation
11,4085,evaluation
11,4086,evaluation
11,4087,evaluation
11,4088,evaluation
11,4089,evaluation
11,4090,calibration
11,4091,evaluation
11,4092,evaluation
11,4093,evaluation
11,4094,evaluation
11,4095,evaluation
11,4096,evaluation
11,4097,evaluation
11,4098,evaluation
11,4099,evaluation
11,4100,evaluation
11,4101,evaluation
11,4102,evaluation
11,4103,evaluation
11,4104,evaluation
11,4105,evaluation
11,4106,evaluation
11,4107,evaluation
11,4108,evaluation
11,4109,evaluation
11,4110,evaluation
11,4111,evaluation
11,4112,evaluation
11,4113,evaluation
11,4114,evaluation
11,4115,evaluation
11,4116,evaluation
11,4117,calibration
11,4118,evaluation
11,4119,evaluation
11,4120,evaluation
11,4121,evaluation
11,4122,evaluation
11,4123,calibration
11,4124,evaluation
11,4125,evaluation
11,4126,evaluation
11,4127,evaluation
11,4128,evaluation
11,4129,calibration
11,4130,evaluation
11,4131,evaluation
11,4132,evaluation
11,4133,evaluation
11,4134,evaluation
11,4135,evaluation
11,4136,calibration
11,4137,evaluation
11,4138,evaluation
11,4139,evaluation
11,4140,evaluation
11,4141,evaluation
11,4142,evaluation
11,4143,evaluation
11,4144,evaluation
11,4145,evaluation
11,4146,evaluation
11,4147,evaluation
11,4148,evaluation
11,4149,evaluation
11,4150,evaluation
11,4151,evaluation
11,4152,evaluation
11,4153,evaluation
11,4154,evaluation
11,4155,evaluation
11,4156,calibration
11,4157,evaluation
11,4158,evaluation
11,4159,calibration
11,4160,evaluation
11,4161,evaluation
11,4162,evaluation
11,4163,evaluation
11,4164,evaluation
11,4165,evaluation
11,4166,evaluation
11,4167,evaluation
11,4168,evaluation
11,4169,evaluation
11,4170,evaluation
11,4171,evaluation
11,4172,evaluation
11,4173,evaluation
11,4174,evaluation
11,4175,evaluation
11,4176,evaluation
11,4177,evaluation
11,4178,evaluation
11,4179,evaluation
11,4180,evaluation
11,4181,evaluation
11,4182,evaluation
11,4183,calibration
11,4184,evaluation
11,4185,evaluation
11,4186,evaluation
11,4187,evaluation
11,4188,evaluation
11,4189,evaluation
11,4190,evaluation
11,4191,evaluation
11,4192,evaluation
11,4193,evaluation
11,4194,evaluation
11,4195,evaluation
11,4196,evaluation
11,4197,evaluation
11,4198,evaluation
11,4199,calibration
11,4200,evaluation
11,4201,evaluation
11,4202,evaluation
11,4203,evaluation
11,4204,evaluation
11,4205,evaluation
11,4206,evaluation
11,4207,evaluation
11,4208,evaluation
11,4209,evaluation
11,4210,evaluation
11,4211,evaluation
11,4212,evaluation
11,4213,evaluation
11,4214,evaluation
11,4215,evaluation
11,4216,evaluation
11,4217,evaluation
11,4218,evaluation
11,4219,evaluation
11,4220,evaluation
11,4221,evaluation
11,4222,evaluation
11,4223,evaluation
11,4224,evaluation
11,4225,evaluation
11,4226,evaluation
11,4227,evaluation
11,4228,evaluation
11,4229,evaluation
11,4230,evaluation
11,4231,evaluation
11,4232,evaluation
11,4233,evaluation
11,4234,evaluation
11,4235,evaluation
11,4236,evaluation
11,4237,evaluation
11,4238,evaluation
11,4239,evaluation
11,4240,evaluation
11,4241,evaluation
12,4242,calibration
12,4243,calibration
12,4244,evaluation
12,4245,evaluation
12,4246,evaluation
12,4247,evaluation
12,4248,evaluation
12,4249,evaluation
12,4250,evaluation
12,4251,evaluation
12,4252,evaluation
12,4253,evaluation
12,4254,evaluation
12,4255,evaluation
12,4256,evaluation
12,4257,evaluation
12,4258,evaluation
12,4259,evaluation
12,4260,evaluation
12,4261,evaluation
12,4262,evaluation
12,4263,evaluation
12,4264,evaluation
12,4265,evaluation
12,4266,evaluation
12,4267,calibration
12,4268,evaluation
12,4269,evaluation
12,4270,evaluation
12,4271,evaluation
12,4272,evaluation
12,4273,evaluation
12,4274,evaluation
12,4275,evaluation
12,4276,evaluation
12,4277,evaluation
12,4278,evaluation
12,4279,evaluation
12,4280,evaluation
12,4281,evaluation
12,4282,evaluation
12,4283,calibration
12,4284,evaluation
12,4285,calibration
12,4286,calibration
12,4287,evaluation
12,4288,evaluation
12,4289,evaluation
12,4290,evaluation
12,4291,evaluation
12,4292,calibration
12,4293,evaluation
12,4294,evaluation
12,4295,evaluation
12,4296,evaluation
12,4297,evaluation
12,4298,evaluation
12,4299,evaluation
12,4300,evaluation
12,4301,evaluation
12,4302,evaluation
12,4303,evaluation
12,4304,evaluation
12,4305,evaluation
12,4306,evaluation
12,4307,evaluation
12,4308,evaluation
12,4309,evaluation
12,4310,evaluation
12,4311,evaluation
12,4312,evaluation
12,4313,evaluation
12,4314,evaluation
12,4315,evaluation
12,4316,evaluation
12,4317,evaluation
12,4318,evaluation
12,4319,evaluation
12,4320,evaluation
12,4321,evaluation
12,4322,evaluation
12,4323,calibration
12,4324,evaluation
12,4325,evaluation
12,4326,evaluation
12,4327,evaluation
12,4328,evaluation
12,4329,calibration
12,4330,evaluation
12,4331,evaluation
12,4332,evaluation
12,4333,evaluation
12,4334,evaluation
12,4335,evaluation
12,4336,evaluation
12,4337,evaluation
12,4338,evaluation
12,4339,calibration
12,4340,evaluation
12,4341,evaluation
12,4342,evaluation
12,4343,evaluation
12,4344,evaluation
12,4345,evaluation
12,4346,evaluation
12,4347,evaluation
12,4348,evaluation
12,4349,evaluation
12,4350,evaluation
12,4351,evaluation
12,4352,evaluation
12,4353,evaluation
12,4354,evaluation
12,4355,calibration
12,4356,evaluation
12,4357,evaluation
12,4358,evaluation
12,4359,evaluation
12,4360,evaluation
12,4361,evaluation
12,4362,evaluation
12,4363,evaluation
12,4364,evaluation
12,4365,evaluation
12,4366,evaluation
12,4367,evaluation
12,4368,evaluation
12,4369,evaluation
12,4370,evaluation
12,4371,evaluation
12,4372,calibration
12,4373,evaluation
12,4374,evaluation
12,4375,evaluation
12,4376,evaluation
12,4377,evaluation
12,4378,evaluation
12,4379,evaluation
12,4380,evaluation
12,4381,evaluation
12,4382,evaluation
12,4383,evaluation
12,4384,evaluation
12,4385,evaluation
12,4386,evaluation
12,4387,calibration
12,4388,calibration
12,4389,evaluation
12,4390,evaluation
12,4391,evaluation
12,4392,evaluation
12,4393,evaluation
12,4394,evaluation
12,4395,evaluation
12,4396,evaluation
12,4397,evaluation
12,4398,evaluation
12,4399,evaluation
12,4400,evaluation
12,4401,evaluation
12,4402,evaluation
12,4403,evaluation
12,4404,evaluation
12,4405,evaluation
12,4406,evaluation
12,4407,evaluation
12,4408,evaluation
12,4409,evaluation
12,4410,evaluation
12,4411,evaluation
12,4412,evaluation
12,4413,evaluation
12,4414,evaluation
12,4415,evaluation
12,4416,evaluation
12,4417,evaluation
12,4418,evaluation
12,4419,evaluation
12,4420,evaluation
12,4421,evaluation
12,4422,evaluation
12,4423,evaluation
12,4424,evaluation
12,4425,evaluation
12,4426,evaluation
12,4427,evaluation
12,4428,evaluation
12,4429,evaluation
12,4430,evaluation
12,4431,evaluation
12,4432,evaluation
12,4433,evaluation
12,4434,evaluation
12,4435,evaluation
12,4436,evaluation
12,4437,evaluation
12,4438,evaluation
12,4439,evaluation
12,4440,evaluation
12,4441,evaluation
12,4442,evaluation
12,4443,evaluation
12,4444,evaluation
12,4445,evaluation
12,4446,evaluation
12,4447,evaluation
12,4448,evaluation
12,4449,evaluation
12,4450,evaluation
12,4451,evaluation
12,4452,evaluation
12,4453,evaluation
12,4454,evaluation
12,4455,calibration
12,4456,calibration
12,4457,evaluation
12,4458,evaluation
12,4459,evaluation
12,4460,evaluation
12,4461,evaluation
12,4462,evaluation
12,4463,evaluation
12,4464,evaluation
12,4465,evaluation
12,4466,evaluation
12,4467,evaluation
12,4468,evaluation
12,4469,evaluation
12,4470,evaluation
12,4471,evaluation
12,4472,evaluation
12,4473,evaluation
12,4474,evaluation
12,4475,evaluation
12,4476,evaluation
12,4477,evaluation
12,4478,evaluation
12,4479,calibration
12,4480,evaluation
12,4481,evaluation
12,4482,evaluation
12,4483,evaluation
12,4484,evaluation
12,4485,evaluation
12,4486,evaluation
12,4487,evaluation
12,4488,evaluation
12,4489,evaluation
12,4490,evaluation
12,4491,evaluation
12,4492,evaluation
12,4493,calibration
12,4494,evaluation
12,4495,evaluation
12,4496,evaluation
12,4497,evaluation
12,4498,evaluation
12,4499,evaluation
12,4500,calibration
12,4501,evaluation
12,4502,evaluation
12,4503,evaluation
12,4504,evaluation
12,4505,evaluation
12,4506,evaluation
12,4507,evaluation
12,4508,evaluation
12,4509,evaluation
12,4510,evaluation
12,4511,evaluation
12,4512,evaluation
12,4513,evaluation
12,4514,evaluation
12,4515,evaluation
12,4516,evaluation
12,4517,evaluation
12,4518,evaluation
12,4519,evaluation
12,4520,evaluation
12,4521,evaluation
12,4522,evaluation
12,4523,evaluation
12,4524,evaluation
12,4525,evaluation
12,4526,evaluation
12,4527,evaluation
12,4528,evaluation
12,4529,evaluation
12,4530,evaluation
12,4531,evaluation
12,4532,evaluation
12,4533,evaluation
12,4534,evaluation
12,4535,evaluation
12,4536,evaluation
12,4537,evaluation
12,4538,evaluation
12,4539,evaluation
12,4540,evaluation
12,4541,evaluation
12,4542,evaluation
12,4543,evaluation
12,4544,evaluation
12,4545,evaluation
12,4546,evaluation
12,4547,evaluation
12,4548,evaluation
12,4549,evaluation
12,4550,evaluation
12,4551,evaluation
12,4552,evaluation
12,4553,evaluation
12,4554,evaluation
12,4555,evaluation
12,4556,evaluation
12,4557,evaluation
12,4558,evaluation
12,4559,evaluation
12,4560,evaluation
12,4561,evaluation
12,4562,evaluation
12,4563,calibration
12,4564,evaluation
12,4565,evaluation
