subject,n_test,accuracy,balanced_accuracy,f1,roc_auc
1,228,0.9692982456140351,0.9692982456140351,0.9694323144104804,0.9959987688519545
2,166,0.9036144578313253,0.9036144578313253,0.8974358974358975,0.9628393090434025
3,452,0.8163716814159292,0.8163716814159292,0.8230277185501066,0.8567624716109327
4,498,0.8835341365461847,0.8835341365461847,0.8776371308016878,0.9490492088837278
5,194,0.9020618556701031,0.9020618556701031,0.9107981220657277,0.9752364757147411
6,642,0.940809968847352,0.940809968847352,0.941358024691358,0.98043497248668
7,392,0.8137755102040817,0.8137755102040816,0.8021680216802168,0.8881455643481883
8,142,0.8591549295774648,0.8591549295774648,0.8611111111111112,0.9269986113866298
9,404,0.9108910891089109,0.9108910891089108,0.9166666666666666,0.9522840897951181
10,704,0.9588068181818182,0.9588068181818182,0.9581529581529582,0.9842377970041323
11,420,0.9119047619047619,0.9119047619047619,0.9175946547884187,0.954875283446712
12,324,0.8271604938271605,0.8271604938271605,0.8271604938271605,0.8925468678555099
